id,ai_n_reviews,ai_n_inline,ai_n_events,hu_n_reviews,hu_n_inline,hu_n_events
2779005689,1,0,1,2,1,3
2807818030,1,0,1,7,16,23
2808131286,1,0,1,2,2,4
2808244372,1,0,1,2,1,3
2808524497,1,0,1,3,2,5
2810411618,1,0,1,3,1,4
2810744094,1,0,1,4,3,7
2811939062,1,7,8,1,0,1
2824804375,1,0,1,2,1,3
2839327801,1,0,1,3,2,5
2854160310,1,0,1,3,5,8
2855600710,6,6,12,2,0,2
2856062369,4,3,7,1,1,2
2856702101,3,3,6,1,1,2
2868153982,1,0,1,1,0,1
2873477548,13,12,25,4,2,6
2876360736,22,21,43,2,0,2
2885871679,1,1,2,2,1,3
2885927649,2,2,4,1,0,1
2886754536,1,0,1,1,0,1
2887831958,2,9,11,2,2,4
2888743415,2,1,3,1,0,1
2888886101,1,0,1,1,0,1
2889005618,1,0,1,1,0,1
2889495308,6,2,8,4,3,7
2892216299,5,30,35,2,2,4
2893733497,3,3,6,1,1,2
2895205728,1,0,1,1,1,2
2895418772,1,0,1,4,4,8
2897622328,6,6,12,2,1,3
2898277841,3,3,6,1,1,2
2898904186,1,5,6,2,8,10
2898952140,1,0,1,1,0,1
2900944845,3,1,4,10,9,19
2901129816,2,2,4,2,2,4
2901823283,1,0,1,1,3,4
2902428275,1,0,1,1,0,1
2904255373,1,0,1,1,0,1
2904677304,1,0,1,2,0,2
2905709958,1,1,2,2,0,2
2909807270,1,1,2,3,0,3
2910273057,3,3,6,1,0,1
2911752874,1,1,2,4,0,4
2911785912,2,0,2,11,10,21
2916148889,1,1,2,1,0,1
2917272860,1,0,1,1,0,1
2917695516,1,0,1,2,2,4
2918828003,8,8,16,2,0,2
2920999550,1,0,1,2,1,3
2921044123,1,0,1,15,14,29
2922882268,1,1,2,1,0,1
2923926112,4,3,7,3,0,3
2923934945,1,1,2,1,0,1
2925839583,5,5,10,1,2,3
2926072897,2,0,2,1,0,1
2935168768,3,2,5,1,0,1
2939571603,1,0,1,3,3,6
2944449611,1,0,1,1,0,1
2946274032,4,3,7,1,0,1
2947926366,1,0,1,2,2,4
2950813838,6,6,12,2,0,2
2953065886,1,0,1,1,0,1
2955297818,1,0,1,1,0,1
2955558970,1,0,1,1,0,1
2956306001,1,0,1,2,1,3
2956393636,1,0,1,1,0,1
2958045033,1,1,2,1,1,2
2959068895,1,0,1,3,2,5
2959135360,1,1,2,6,5,11
2959204416,1,2,3,6,6,12
2968331280,1,1,2,2,2,4
2972319075,1,0,1,3,3,6
2973011621,1,0,1,5,7,12
2974051079,1,0,1,1,0,1
2974077357,1,0,1,1,0,1
2974105233,1,0,1,2,1,3
2974733491,1,0,1,2,3,5
2974741144,1,2,3,2,1,3
2974922148,1,1,2,3,2,5
2974987364,1,0,1,1,0,1
2974988229,1,0,1,1,0,1
2977988551,1,2,3,15,36,51
2978045388,1,0,1,1,3,4
2981082647,1,0,1,18,17,35
2982545758,1,1,2,6,24,30
2984279826,3,17,20,4,5,9
2984325083,1,0,1,1,0,1
2987193283,1,0,1,1,0,1
2988875962,1,0,1,1,0,1
2989136571,1,2,3,1,1,2
2989340247,1,1,2,2,0,2
2990217796,1,0,1,1,0,1
2990244723,1,0,1,5,1,6
2990448084,11,7,18,2,2,4
2991126973,1,1,2,4,4,8
2991284504,1,0,1,1,0,1
2991295270,1,0,1,1,0,1
2991298990,2,2,4,2,1,3
2991316224,1,0,1,1,0,1
2991381351,1,0,1,2,1,3
2993223390,1,0,1,1,0,1
2993261922,1,1,2,1,1,2
2994186364,1,0,1,1,0,1
2994835980,1,0,1,2,0,2
2996370983,1,1,2,1,0,1
2996500412,2,0,2,3,0,3
2996557845,1,0,1,1,0,1
3000868031,1,0,1,10,12,22
3001936236,1,0,1,1,0,1
3002940523,1,1,2,1,1,2
3003220189,1,1,2,1,1,2
3003272984,1,1,2,1,1,2
3003342379,1,1,2,1,1,2
3004128657,1,0,1,3,2,5
3004739870,1,1,2,1,1,2
3005860496,1,1,2,2,1,3
3007297868,2,2,4,1,0,1
3007307173,1,5,6,1,1,2
3008233324,1,0,1,1,0,1
3011908706,1,0,1,1,0,1
3018857681,2,1,3,1,0,1
3019067520,1,1,2,1,0,1
3022862383,2,2,4,3,2,5
3022879829,1,0,1,1,0,1
3022909076,1,0,1,1,0,1
3022997385,2,4,6,2,0,2
3023954308,2,0,2,1,0,1
3024276502,1,0,1,1,0,1
3024369434,1,0,1,1,0,1
3024643683,1,1,2,2,0,2
3029374639,1,3,4,3,3,6
3031552540,2,1,3,3,1,4
3031971491,1,1,2,1,1,2
3033795217,1,0,1,1,0,1
3035017774,1,1,2,1,1,2
3036110962,1,0,1,3,3,6
3036877965,2,6,8,1,3,4
3036992585,1,0,1,1,0,1
3037245028,1,1,2,1,0,1
3037359764,1,1,2,1,1,2
3037451152,1,0,1,1,0,1
3037985682,1,0,1,2,0,2
3038003795,1,0,1,1,0,1
3038014327,1,1,2,1,0,1
3038029982,1,1,2,1,0,1
3040215695,1,0,1,3,3,6
3040893469,1,1,2,1,1,2
3040928414,1,1,2,1,1,2
3041587567,1,1,2,2,1,3
3043612156,1,0,1,3,3,6
3044310536,1,0,1,4,2,6
3044345916,1,1,2,1,1,2
3045353166,1,1,2,3,1,4
3046548132,1,1,2,1,1,2
3046736266,1,1,2,2,1,3
3046934701,2,2,4,1,2,3
3047232715,2,0,2,2,0,2
3047559676,1,2,3,1,0,1
3048994775,1,1,2,3,2,5
3049395641,1,0,1,2,1,3
3049457414,1,0,1,1,0,1
3050432676,1,0,1,1,0,1
3051879289,2,1,3,1,0,1
3053458246,1,0,1,1,0,1
3054287732,2,2,4,1,4,5
3055069417,1,1,2,1,1,2
3055327372,1,1,2,2,0,2
3055648110,2,3,5,1,1,2
3055651924,3,8,11,1,0,1
3055687062,1,0,1,1,0,1
3057079532,1,1,2,1,1,2
3057403858,2,0,2,2,0,2
3057825906,1,0,1,3,0,3
3058304507,3,8,11,1,0,1
3058675588,1,1,2,1,2,3
3058820409,3,1,4,8,13,21
3059469624,1,2,3,1,1,2
3060361484,1,0,1,2,0,2
3060860792,1,0,1,1,0,1
3060947391,2,2,4,1,2,3
3060972654,1,1,2,1,1,2
3061052679,3,5,8,1,1,2
3061060559,2,2,4,2,2,4
3061451779,1,0,1,1,0,1
3061497972,1,1,2,1,0,1
3061514681,1,1,2,1,1,2
3061520242,1,1,2,1,2,3
3061588584,1,2,3,1,1,2
3062466554,1,0,1,20,24,44
3062916995,1,0,1,2,1,3
3065983552,1,1,2,1,0,1
3066134216,1,1,2,1,1,2
3066731569,1,0,1,2,0,2
3068016647,1,0,1,1,0,1
3068673639,2,0,2,3,0,3
3068712289,2,0,2,1,0,1
3068741878,1,0,1,1,0,1
3068756087,1,0,1,1,0,1
3068790874,1,0,1,1,0,1
3069860588,1,0,1,2,1,3
3070050504,3,9,12,3,0,3
3070068738,1,5,6,3,2,5
3070081699,2,0,2,2,0,2
3070202512,1,2,3,1,0,1
3070324556,2,2,4,1,0,1
3070349373,1,2,3,1,1,2
3070364592,1,0,1,1,0,1
3070390119,1,2,3,6,3,9
3070485334,2,1,3,2,0,2
3070525129,1,2,3,1,1,2
3070542749,1,0,1,1,0,1
3070579675,1,1,2,1,0,1
3070600620,1,0,1,1,0,1
3070601228,2,2,4,5,6,11
3070683420,1,1,2,1,0,1
3070731555,1,3,4,1,0,1
3070780266,4,5,9,3,3,6
3070901862,3,5,8,1,1,2
3070909907,1,2,3,1,0,1
3070911425,1,2,3,2,1,3
3070913147,1,0,1,1,0,1
3070916634,1,0,1,1,0,1
3070935368,1,0,1,1,0,1
3070936351,2,4,6,13,12,25
3070980739,1,0,1,1,0,1
3071004129,5,10,15,1,1,2
3071005313,1,2,3,1,0,1
3071076370,1,1,2,1,0,1
3071076772,2,6,8,1,1,2
3071076936,1,8,9,4,4,8
3071076995,1,0,1,1,0,1
3071083616,1,3,4,6,6,12
3071150834,1,0,1,1,0,1
3071157018,1,0,1,2,0,2
3071165159,3,4,7,3,2,5
3071184660,2,2,4,1,1,2
3071215224,1,0,1,1,0,1
3071218346,1,0,1,1,1,2
3071220768,1,0,1,1,0,1
3071222256,1,3,4,1,0,1
3071234740,1,1,2,3,5,8
3071234742,1,0,1,1,0,1
3071241235,1,0,1,1,0,1
3071253692,1,0,1,1,0,1
3071263486,1,2,3,1,0,1
3071269113,1,2,3,1,0,1
3071269139,1,0,1,1,0,1
3071275597,1,0,1,1,0,1
3071279249,1,0,1,1,0,1
3071283779,1,0,1,1,0,1
3071290094,1,1,2,1,0,1
3071509425,1,1,2,1,0,1
3071510323,2,2,4,2,1,3
3071803431,1,0,1,1,0,1
3071822317,2,1,3,3,2,5
3071871877,1,15,16,1,0,1
3071966323,1,0,1,1,0,1
3072060149,1,1,2,1,1,2
3072087708,1,1,2,1,1,2
3072109463,3,3,6,2,3,5
3072416204,1,4,5,1,0,1
3072581386,1,2,3,1,0,1
3072641594,1,2,3,1,1,2
3073170847,2,5,7,1,1,2
3073179861,1,3,4,1,0,1
3073761198,2,11,13,1,0,1
3074415229,2,2,4,2,2,4
3074504506,6,5,11,2,5,7
3074530461,1,0,1,1,0,1
3074531119,2,2,4,2,2,4
3074533621,2,2,4,3,2,5
3074542976,2,2,4,2,2,4
3074557301,8,8,16,8,8,16
3074573863,1,0,1,1,0,1
3074578781,1,1,2,1,1,2
3074594966,5,5,10,1,5,6
3074605898,2,2,4,2,2,4
3074609325,1,1,2,1,1,2
3074616343,1,1,2,1,0,1
3074635096,2,2,4,1,2,3
3074647104,1,0,1,2,0,2
3074667128,4,4,8,4,4,8
3074688614,2,2,4,2,2,4
3074689840,14,14,28,16,14,30
3074704509,6,6,12,4,7,11
3074781486,3,3,6,5,3,8
3074788987,3,3,6,6,4,10
3074815696,8,8,16,5,8,13
3074820581,1,1,2,1,1,2
3074830943,1,0,1,1,0,1
3074847883,4,4,8,1,4,5
3074882049,2,6,8,2,2,4
3074893038,1,2,3,6,0,6
3074911944,7,4,11,1,1,2
3074924405,4,4,8,7,4,11
3074925487,3,3,6,2,3,5
3074950203,2,2,4,2,2,4
3074963659,2,3,5,5,2,7
3075010876,1,1,2,3,1,4
3075019704,4,4,8,8,4,12
3075028295,2,2,4,2,2,4
3075035064,13,13,26,2,13,15
3075036713,1,1,2,2,1,3
3075051000,1,2,3,1,1,2
3075074358,4,4,8,3,3,6
3075074837,4,4,8,1,4,5
3075113564,1,0,1,2,0,2
3075132001,14,14,28,16,16,32
3075176665,4,4,8,4,9,13
3075177900,2,2,4,2,2,4
3075191021,1,0,1,2,0,2
3075201543,9,9,18,5,9,14
3075216235,3,3,6,2,3,5
3075234437,4,4,8,4,6,10
3075242171,18,18,36,5,19,24
3075243153,3,3,6,2,3,5
3075252390,6,6,12,1,6,7
3075253061,6,6,12,2,6,8
3075253145,1,0,1,1,0,1
3075253610,2,2,4,1,2,3
3075262343,3,3,6,3,3,6
3075286950,1,1,2,4,1,5
3075291570,4,4,8,4,4,8
3075344918,1,1,2,3,1,4
3075393105,1,2,3,3,2,5
3075398355,3,2,5,2,2,4
3075408178,1,1,2,1,0,1
3075413536,1,0,1,1,0,1
3075415557,1,0,1,1,0,1
3075457871,1,0,1,1,0,1
3075470378,2,0,2,1,0,1
3075500998,2,2,4,4,2,6
3075506913,3,5,8,4,2,6
3075563001,6,6,12,12,25,37
3075684116,2,3,5,1,1,2
3075691386,9,9,18,12,10,22
3075695117,3,3,6,3,3,6
3075729468,1,0,1,1,0,1
3075737292,6,6,12,2,6,8
3075739261,2,2,4,2,1,3
3075789042,4,4,8,5,4,9
3075799511,10,10,20,10,10,20
3075821403,4,17,21,3,3,6
3075843226,5,5,10,4,5,9
3075850050,16,16,32,5,16,21
3075857183,8,8,16,22,24,46
3075868646,1,1,2,1,0,1
3075945404,2,2,4,2,2,4
3075962868,1,4,5,1,0,1
3075966586,2,0,2,1,0,1
3075994560,14,14,28,3,14,17
3075996792,1,0,1,2,0,2
3076009735,1,0,1,2,0,2
3076013183,1,0,1,1,0,1
3076025472,1,1,2,1,1,2
3076030480,10,10,20,6,10,16
3076043127,8,8,16,9,12,21
3076060203,2,0,2,1,0,1
3076064186,1,4,5,6,4,10
3076073277,3,3,6,1,3,4
3076083247,9,9,18,15,11,26
3076114345,1,1,2,3,1,4
3076141167,2,2,4,2,2,4
3076146286,2,2,4,2,2,4
3076168386,1,0,1,1,0,1
3076182457,5,5,10,1,5,6
3076188349,4,11,15,1,1,2
3076195472,1,0,1,1,0,1
3076203570,1,0,1,2,0,2
3076254736,1,0,1,1,0,1
3076267770,5,5,10,8,6,14
3076294252,3,3,6,2,4,6
3076534856,2,2,4,3,2,5
3076542309,2,2,4,1,2,3
3076559858,1,2,3,4,1,5
3076603836,1,1,2,2,1,3
3076643760,1,0,1,1,1,2
3076655992,2,2,4,5,2,7
3076670977,1,6,7,3,1,4
3076691849,1,1,2,2,2,4
3076775534,15,15,30,6,15,21
3076780891,5,5,10,9,10,19
3076801452,2,0,2,1,0,1
3076831485,1,1,2,1,1,2
3076850730,6,6,12,6,5,11
3076882541,7,7,14,4,8,12
3076889771,3,3,6,2,3,5
3076904011,2,2,4,2,2,4
3076913080,1,0,1,1,0,1
3076937238,1,0,1,1,0,1
3076965582,1,1,2,1,1,2
3077052259,13,13,26,12,14,26
3077220365,2,4,6,1,1,2
3077246512,3,3,6,1,0,1
3077270305,1,1,2,4,1,5
3077270339,2,1,3,1,1,2
3077311015,5,5,10,2,5,7
3077324159,3,3,6,1,3,4
3077326559,1,1,2,1,1,2
3077343390,2,2,4,1,0,1
3077405928,1,3,4,2,2,4
3077455548,1,1,2,1,1,2
3077492593,1,0,1,1,0,1
3077614501,2,2,4,2,2,4
3077616724,4,4,8,2,3,5
3077632900,1,0,1,2,0,2
3077633637,1,1,2,1,0,1
3077673716,1,0,1,1,0,1
3077679669,1,1,2,2,5,7
3077746275,1,1,2,1,3,4
3077757905,1,0,1,2,0,2
3077777429,4,0,4,1,0,1
3077781030,8,4,12,4,1,5
3077813522,2,0,2,3,0,3
3077823693,2,2,4,4,4,8
3077839643,1,1,2,1,1,2
3077908852,11,11,22,8,11,19
3077953401,6,6,12,3,7,10
3078060956,3,3,6,2,3,5
3078076894,4,4,8,4,4,8
3078092213,1,1,2,1,1,2
3078104642,1,1,2,1,1,2
3078160044,1,1,2,5,0,5
3078166226,2,2,4,2,2,4
3078187008,2,2,4,3,2,5
3078195603,1,1,2,1,1,2
3078222293,2,2,4,1,1,2
3078251140,1,1,2,4,2,6
3078270405,1,1,2,2,2,4
3078287425,1,2,3,2,1,3
3078318564,2,2,4,2,2,4
3078330455,1,1,2,1,0,1
3078352984,7,7,14,1,7,8
3078356584,6,6,12,6,5,11
3078359841,2,2,4,2,2,4
3078366765,15,15,30,15,21,36
3078382638,2,2,4,2,2,4
3078401283,2,2,4,1,2,3
3078439427,18,18,36,12,21,33
3078440447,7,7,14,1,9,10
3078444990,1,4,5,26,36,62
3078477598,2,3,5,1,1,2
3078509761,1,1,2,1,1,2
3078511565,6,12,18,1,1,2
3078524759,1,1,2,2,1,3
3078528718,2,2,4,5,4,9
3078539142,4,4,8,2,4,6
3078545078,11,12,23,8,11,19
3078568990,1,3,4,2,2,4
3078577154,1,1,2,1,1,2
3078604256,1,1,2,2,2,4
3078628890,2,2,4,2,2,4
3078637141,4,0,4,4,0,4
3078642261,4,4,8,5,4,9
3078663580,2,2,4,1,2,3
3078666004,2,3,5,1,0,1
3078691973,2,2,4,2,2,4
3078707207,3,2,5,9,7,16
3078729881,8,8,16,19,12,31
3078737490,1,1,2,2,1,3
3078738992,15,15,30,6,15,21
3078758331,2,2,4,4,2,6
3078787108,12,12,24,2,12,14
3078834752,2,2,4,6,6,12
3078853619,1,3,4,2,2,4
3078970298,2,1,3,1,0,1
3079013643,1,0,1,1,0,1
3079015881,3,3,6,3,3,6
3079016065,2,2,4,3,3,6
3079016426,1,1,2,1,1,2
3079042406,1,0,1,1,0,1
3079063292,1,1,2,1,1,2
3079094288,2,0,2,1,0,1
3079097818,2,2,4,1,2,3
3079150087,1,0,1,1,0,1
3079170931,3,3,6,4,4,8
3079176109,1,1,2,1,0,1
3079232473,3,4,7,2,1,3
3079271002,2,1,3,2,2,4
3079303421,6,17,23,4,3,7
3079454065,1,1,2,3,2,5
3079494545,3,0,3,3,0,3
3079499045,1,1,2,1,1,2
3079518172,2,2,4,3,3,6
3079558009,1,1,2,1,1,2
3079572979,1,1,2,2,2,4
3079628682,6,6,12,6,8,14
3079632972,9,9,18,11,10,21
3079641164,2,2,4,2,2,4
3079684446,7,7,14,10,7,17
3079799506,3,3,6,7,5,12
3079845748,4,0,4,2,0,2
3079845905,1,0,1,1,0,1
3079876509,1,1,2,1,1,2
3079886079,8,9,17,4,7,11
3079950290,1,0,1,1,0,1
3079967973,1,1,2,3,0,3
3079983640,2,3,5,1,1,2
3079989476,3,1,4,1,0,1
3080015686,24,23,47,6,23,29
3080019917,19,19,38,11,22,33
3080023392,5,5,10,11,9,20
3080031213,1,1,2,4,1,5
3080058343,1,1,2,5,2,7
3080069150,1,0,1,1,0,1
3080107491,1,1,2,1,1,2
3080134448,2,2,4,2,2,4
3080317704,2,3,5,1,1,2
3080345280,2,2,4,2,1,3
3080362968,2,2,4,3,3,6
3080411430,3,3,6,4,3,7
3080445180,1,2,3,1,1,2
3080501015,6,6,12,3,6,9
3080537351,5,8,13,3,0,3
3080613706,1,1,2,1,2,3
3080655424,2,9,11,5,3,8
3080658611,2,2,4,2,6,8
3080728067,3,0,3,2,0,2
3080743634,6,6,12,5,6,11
3080747749,1,1,2,3,3,6
3080751824,15,15,30,15,17,32
3080828178,1,0,1,4,0,4
3080843475,1,0,1,1,0,1
3080930752,4,3,7,2,1,3
3080969048,5,5,10,6,5,11
3080970766,1,4,5,1,2,3
3080995192,1,2,3,2,0,2
3081019130,7,7,14,1,8,9
3081035112,3,3,6,2,3,5
3081076425,7,0,7,2,0,2
3081082136,1,1,2,2,0,2
3081087193,2,2,4,1,2,3
3081109099,14,14,28,16,16,32
3081117004,2,2,4,1,2,3
3081134272,7,7,14,1,7,8
3081171929,6,6,12,9,9,18
3081180598,1,4,5,1,0,1
3081185488,2,1,3,4,1,5
3081186157,12,12,24,17,17,34
3081208953,2,2,4,1,2,3
3081239572,4,4,8,9,7,16
3081345740,1,0,1,1,0,1
3081361910,3,3,6,4,3,7
3081369417,7,7,14,9,8,17
3081393706,2,2,4,1,2,3
3081399143,2,2,4,2,2,4
3081407923,1,0,1,2,0,2
3081440562,1,1,2,1,1,2
3081466449,4,3,7,9,8,17
3081566388,4,4,8,3,4,7
3081598733,4,3,7,2,3,5
3081644654,1,0,1,1,0,1
3081678609,3,3,6,3,3,6
3081695764,5,5,10,9,12,21
3081715193,4,4,8,5,5,10
3081719238,5,5,10,5,5,10
3081726196,1,3,4,5,3,8
3081726892,1,0,1,2,0,2
3081770176,11,11,22,15,13,28
3081791361,1,4,5,1,0,1
3081810740,1,2,3,2,2,4
3081816409,1,1,2,1,1,2
3081821271,2,2,4,2,3,5
3081843614,3,2,5,3,1,4
3081925002,1,1,2,2,2,4
3081952518,11,11,22,6,6,12
3081978815,4,4,8,5,5,10
3081992708,1,2,3,1,1,2
3081999258,4,4,8,3,4,7
3082008567,4,4,8,3,4,7
3082019461,4,4,8,3,4,7
3082070083,16,17,33,14,14,28
3082073531,1,1,2,1,1,2
3082151736,1,3,4,1,0,1
3082163166,1,1,2,1,1,2
3082171419,1,1,2,2,1,3
3082171819,1,1,2,1,0,1
3082188471,1,1,2,1,1,2
3082238634,1,2,3,2,1,3
3082243434,1,0,1,1,0,1
3082279903,13,13,26,7,16,23
3082290543,1,2,3,1,0,1
3082311072,6,8,14,4,3,7
3082320330,11,11,22,9,16,25
3082335787,4,6,10,3,3,6
3082341233,1,1,2,2,1,3
3082345337,3,3,6,1,3,4
3082388285,16,16,32,11,16,27
3082426221,4,10,14,1,1,2
3082465646,1,5,6,1,0,1
3082575197,3,3,6,4,5,9
3082620568,1,1,2,1,2,3
3082628011,1,0,1,1,0,1
3082632390,1,0,1,1,0,1
3082635308,1,0,1,1,0,1
3082652432,5,5,10,7,9,16
3082658945,2,3,5,3,2,5
3082663425,8,8,16,9,10,19
3082703766,1,0,1,1,0,1
3082717366,6,6,12,5,6,11
3082791784,3,4,7,2,4,6
3082809390,2,4,6,1,0,1
3082820826,16,16,32,12,15,27
3082878649,4,4,8,1,1,2
3082967398,1,0,1,1,0,1
3082974646,1,0,1,1,0,1
3083117301,7,7,14,7,7,14
3083155942,1,0,1,1,0,1
3083175022,1,1,2,1,1,2
3083186670,8,8,16,8,12,20
3083207145,1,0,1,1,0,1
3083207458,1,0,1,1,0,1
3083216022,4,4,8,2,4,6
3083262309,2,2,4,2,2,4
3083289205,1,0,1,1,0,1
3083352446,15,15,30,15,15,30
3083360457,4,5,9,7,3,10
3083495422,16,59,75,3,3,6
3083536677,1,1,2,9,16,25
3083555562,1,0,1,1,0,1
3083594208,2,2,4,2,2,4
3083652086,3,3,6,3,3,6
3083718915,1,1,2,1,1,2
3083762165,1,2,3,3,0,3
3083774866,2,2,4,1,2,3
3083837004,10,10,20,16,14,30
3083842574,18,18,36,12,19,31
3083903131,4,4,8,2,4,6
3083905069,6,6,12,11,11,22
3083971614,4,4,8,4,4,8
3084009316,1,1,2,1,0,1
3084021151,4,4,8,6,4,10
3084099473,1,0,1,1,0,1
3084106426,2,3,5,4,3,7
3084107311,16,16,32,14,16,30
3084144758,5,5,10,4,5,9
3084145580,1,1,2,1,1,2
3084188127,2,2,4,2,2,4
3084228722,2,3,5,2,2,4
3084245179,1,2,3,1,0,1
3084258051,3,3,6,3,3,6
3084261971,4,3,7,8,4,12
3084294411,1,1,2,1,1,2
3084307836,2,8,10,1,1,2
3084398827,3,3,6,3,3,6
3084411625,3,0,3,3,0,3
3084425307,8,0,8,3,0,3
3084448839,5,0,5,4,0,4
3084452230,1,0,1,1,0,1
3084464163,13,13,26,15,13,28
3084475041,2,2,4,3,2,5
3084490358,3,3,6,5,4,9
3084561388,4,4,8,2,4,6
3084581434,7,7,14,3,7,10
3084597647,9,10,19,5,9,14
3084600149,10,10,20,8,21,29
3084605839,2,1,3,4,1,5
3084631055,10,10,20,8,10,18
3084633214,9,9,18,3,8,11
3084681490,3,3,6,5,3,8
3084690336,2,2,4,1,2,3
3084694144,1,0,1,3,0,3
3084727838,7,7,14,6,11,17
3084778291,4,4,8,7,9,16
3084790178,2,2,4,4,2,6
3084790377,5,3,8,5,5,10
3084790576,1,1,2,1,1,2
3084794817,4,4,8,5,4,9
3084795018,15,15,30,9,15,24
3084816816,6,6,12,3,6,9
3084851925,2,2,4,4,2,6
3084855641,7,7,14,8,8,16
3084863894,1,1,2,1,1,2
3084876668,14,13,27,5,13,18
3084897200,5,5,10,5,5,10
3084907353,1,1,2,3,1,4
3084908517,2,3,5,2,1,3
3084917754,2,1,3,1,0,1
3084994871,4,1,5,1,0,1
3085010036,2,2,4,3,2,5
3085044127,3,3,6,3,3,6
3085059265,3,5,8,1,1,2
3085094362,1,0,1,1,0,1
3085111843,1,1,2,2,1,3
3085120870,2,0,2,1,2,3
3085149115,2,2,4,1,1,2
3085150302,1,1,2,1,0,1
3085161396,2,3,5,1,0,1
3085168062,1,1,2,1,1,2
3085202653,1,1,2,1,0,1
3085270147,1,1,2,2,1,3
3085311037,2,2,4,2,2,4
3085321873,3,4,7,1,1,2
3085322410,1,0,1,1,0,1
3085352879,1,0,1,1,0,1
3085365117,1,0,1,1,0,1
3085373677,1,0,1,1,0,1
3085398469,6,5,11,10,8,18
3085403262,14,14,28,16,16,32
3085430966,1,0,1,2,0,2
3085487490,1,0,1,3,4,7
3085520687,1,1,2,1,1,2
3085653329,3,3,6,4,3,7
3085705530,1,0,1,1,0,1
3085973724,1,1,2,1,1,2
3086240505,1,1,2,1,0,1
3086314001,4,4,8,2,4,6
3086422836,2,2,4,2,2,4
3086446867,1,1,2,1,1,2
3086457034,7,9,16,7,6,13
3086540771,2,2,4,10,7,17
3086549942,1,5,6,2,0,2
3086614920,1,1,2,3,3,6
3086678193,2,2,4,1,2,3
3086703691,3,3,6,2,3,5
3086762625,1,1,2,2,0,2
3086841851,2,2,4,3,1,4
3086880628,1,1,2,1,1,2
3086945909,11,11,22,3,12,15
3086947211,1,0,1,1,0,1
3086959287,1,1,2,1,1,2
3086985638,1,1,2,2,0,2
3087021260,2,2,4,1,2,3
3087031790,2,2,4,1,2,3
3087044256,1,1,2,1,1,2
3087084646,1,1,2,1,0,1
3087085546,2,2,4,2,2,4
3087094895,8,8,16,3,8,11
3087114684,4,4,8,6,6,12
3087260821,1,1,2,2,2,4
3087272507,10,10,20,2,13,15
3087322076,2,2,4,1,2,3
3087336011,1,1,2,1,1,2
3087358866,1,1,2,1,1,2
3087364774,2,3,5,1,1,2
3087413741,22,22,44,8,37,45
3087442273,14,14,28,4,14,18
3087478589,7,7,14,1,7,8
3087489208,4,4,8,1,4,5
3087503756,5,5,10,1,5,6
3087514476,1,0,1,1,0,1
3087535228,7,7,14,3,7,10
3087553056,5,5,10,4,6,10
3087706994,2,2,4,3,2,5
3087737108,2,5,7,2,0,2
3087743451,2,2,4,1,2,3
3087761233,3,3,6,5,4,9
3087794535,1,1,2,2,5,7
3087813875,2,2,4,1,2,3
3087858428,1,4,5,2,0,2
3087879667,17,17,34,9,19,28
3087893723,1,0,1,1,0,1
3088004973,1,0,1,1,0,1
3088007879,2,2,4,2,2,4
3088086721,1,3,4,1,0,1
3088147183,1,1,2,2,1,3
3088246063,1,1,2,3,1,4
3088253029,2,2,4,3,2,5
3088257694,9,9,18,2,9,11
3088300682,4,4,8,3,3,6
3088302846,1,30,31,1,0,1
3088310493,2,1,3,1,1,2
3088331987,2,2,4,2,2,4
3088363246,1,1,2,1,1,2
3088391013,1,0,1,1,0,1
3088500572,1,3,4,1,0,1
3088529908,1,2,3,1,0,1
3088548745,3,3,6,3,3,6
3088559391,2,2,4,1,2,3
3088574647,1,1,2,1,1,2
3088582724,5,5,10,1,5,6
3088607913,2,5,7,1,0,1
3088608778,2,2,4,2,2,4
3088611576,1,2,3,1,0,1
3088620580,1,0,1,1,0,1
3088635228,7,5,12,6,5,11
3088663594,3,3,6,1,4,5
3088672103,2,2,4,1,2,3
3088715324,1,2,3,1,1,2
3088728641,1,0,1,1,0,1
3088758509,4,3,7,5,4,9
3088793819,1,0,1,1,0,1
3088828207,14,17,31,11,14,25
3088843245,2,2,4,1,2,3
3088908754,1,1,2,1,1,2
3088911283,3,4,7,1,1,2
3088946322,1,1,2,1,0,1
3088953805,5,11,16,1,1,2
3088955942,1,1,2,1,1,2
3088985668,1,1,2,4,1,5
3088995454,1,1,2,1,1,2
3089014567,1,1,2,3,2,5
3089035322,2,2,4,3,2,5
3089039212,2,3,5,1,0,1
3089049415,1,1,2,2,1,3
3089059182,1,18,19,1,0,1
3089071855,2,2,4,1,1,2
3089085007,10,10,20,5,11,16
3089135290,1,1,2,1,1,2
3089142164,5,5,10,4,5,9
3089144159,2,2,4,13,11,24
3089166694,1,1,2,1,1,2
3089190209,1,1,2,1,1,2
3089204668,3,7,10,3,2,5
3089276541,1,0,1,1,0,1
3089366936,8,10,18,3,7,10
3089377683,7,7,14,4,6,10
3089382302,7,9,16,5,5,10
3089433731,1,3,4,1,0,1
3089445203,1,1,2,1,1,2
3089454288,5,5,10,2,5,7
3089455401,1,1,2,1,1,2
3089490554,3,3,6,3,3,6
3089499804,1,1,2,1,0,1
3089499976,1,6,7,1,0,1
3089506035,1,2,3,1,0,1
3089507167,1,1,2,1,1,2
3089529393,1,2,3,2,2,4
3089550453,1,1,2,2,0,2
3089562747,1,1,2,1,1,2
3089573301,1,1,2,1,1,2
3089574756,2,2,4,2,2,4
3089579303,1,1,2,1,1,2
3089658930,1,1,2,1,1,2
3089749999,2,2,4,3,2,5
3089815331,1,1,2,1,1,2
3089844409,1,1,2,1,1,2
3089909118,3,3,6,3,3,6
3089911580,2,3,5,1,0,1
3089923306,12,12,24,5,13,18
3089927640,3,3,6,1,3,4
3090037689,1,1,2,1,1,2
3090057474,2,2,4,2,2,4
3090091928,1,1,2,1,0,1
3090126527,1,0,1,3,2,5
3090183341,2,1,3,1,1,2
3090228123,1,3,4,2,1,3
3090272574,4,6,10,4,5,9
3090300854,5,5,10,4,8,12
3090325121,7,8,15,1,9,10
3090570894,24,26,50,6,42,48
3090578689,4,4,8,12,11,23
3090675670,3,3,6,4,3,7
3090676170,2,3,5,1,1,2
3090711930,3,3,6,2,3,5
3090861379,8,34,42,4,3,7
3090862045,6,6,12,12,9,21
3090890095,1,1,2,2,1,3
3090909738,1,3,4,1,0,1
3090993724,8,8,16,3,7,10
3090997043,4,4,8,3,4,7
3091162035,1,1,2,1,1,2
3091205139,3,3,6,2,3,5
3091264131,2,4,6,1,0,1
3091304478,1,28,29,1,0,1
3091372950,1,1,2,1,1,2
3091451973,1,1,2,1,1,2
3091532203,2,6,8,2,5,7
3091548031,1,0,1,1,0,1
3091575771,1,4,5,1,1,2
3091580646,4,5,9,2,3,5
3091629026,2,2,4,4,5,9
3091714912,1,1,2,1,1,2
3091715775,2,2,4,1,1,2
3091758550,2,1,3,2,3,5
3091765131,4,4,8,5,4,9
3091765302,1,1,2,1,1,2
3091792082,1,1,2,1,1,2
3091820980,16,16,32,7,16,23
3091854207,1,0,1,1,0,1
3091868582,2,2,4,1,2,3
3091906913,1,1,2,4,2,6
3091910363,2,2,4,1,2,3
3091917957,3,3,6,1,3,4
3091962555,2,2,4,2,2,4
3091973102,2,6,8,1,0,1
3092001237,2,2,4,1,2,3
3092014968,2,2,4,2,2,4
3092072376,4,4,8,2,4,6
3092080816,1,0,1,15,14,29
3092122524,1,0,1,5,4,9
3092147661,3,3,6,4,3,7
3092158851,1,0,1,8,8,16
3092282566,1,2,3,1,1,2
3092312127,3,3,6,1,3,4
3092319732,12,11,23,7,4,11
3092335822,2,2,4,4,4,8
3092348036,3,2,5,2,2,4
3092374337,1,4,5,1,0,1
3092376084,1,2,3,1,0,1
3092378043,1,1,2,1,0,1
3092400652,1,1,2,1,1,2
3092512259,1,0,1,3,1,4
3092527047,1,1,2,2,1,3
3092547689,2,2,4,2,2,4
3092707670,8,8,16,4,10,14
3092744816,1,2,3,1,0,1
3092766038,1,0,1,1,0,1
3092813223,3,2,5,2,2,4
3092824506,2,2,4,1,2,3
3092878143,1,1,2,2,1,3
3092933008,1,1,2,1,1,2
3092986962,2,2,4,2,2,4
3093068638,1,2,3,1,0,1
3093107787,1,4,5,1,0,1
3093227770,1,1,2,1,1,2
3093319237,2,2,4,1,2,3
3093399248,3,3,6,4,3,7
3093405650,1,0,1,1,0,1
3093423768,1,0,1,1,0,1
3093520335,3,3,6,1,3,4
3093548985,1,1,2,1,1,2
3093570568,1,1,2,1,1,2
3093671788,1,1,2,2,1,3
3093803119,2,2,4,2,2,4
3093898229,1,0,1,1,0,1
3093995006,16,16,32,14,18,32
3093998097,2,0,2,1,1,2
3094022177,1,0,1,1,0,1
3094101224,8,8,16,1,9,10
3094108050,1,1,2,1,0,1
3094144121,3,3,6,3,3,6
3094173620,10,10,20,6,10,16
3094469838,1,1,2,1,1,2
3094488685,2,2,4,3,2,5
3094575030,1,0,1,2,0,2
3094607813,2,2,4,1,2,3
3094661134,1,1,2,1,1,2
3094716005,1,1,2,1,5,6
3094721938,2,1,3,1,0,1
3094768663,1,4,5,1,0,1
3094864209,2,2,4,4,4,8
3094980327,21,21,42,6,21,27
3095028076,13,13,26,7,13,20
3095076017,7,7,14,7,11,18
3095166726,4,3,7,4,3,7
3095207924,1,0,1,1,0,1
3095224173,28,27,55,2,32,34
3095269169,1,1,2,1,1,2
3095342812,1,1,2,1,1,2
3095377339,1,1,2,5,1,6
3095403215,4,4,8,10,6,16
3095413885,3,3,6,6,3,9
3095439815,1,0,1,2,0,2
3095451368,2,1,3,1,1,2
3095462351,4,4,8,2,4,6
3095536206,2,2,4,1,2,3
3095654449,2,2,4,1,0,1
3095678149,3,2,5,2,1,3
3095691118,1,1,2,1,1,2
3095727406,4,4,8,2,4,6
3095739354,2,2,4,4,2,6
3095748985,2,5,7,1,0,1
3095785754,11,11,22,5,11,16
3095799628,1,0,1,1,0,1
3095850088,1,3,4,8,4,12
3095940823,1,1,2,1,1,2
3096039287,1,1,2,3,1,4
3096080665,1,1,2,1,1,2
3096088827,13,13,26,4,12,16
3096094015,4,4,8,3,4,7
3096193455,7,7,14,4,7,11
3096200855,5,5,10,2,5,7
3096240534,1,10,11,1,0,1
3096345047,1,1,2,2,1,3
3096398367,3,1,4,2,2,4
3096473993,2,2,4,3,2,5
3096613645,1,1,2,1,0,1
3096661258,4,4,8,6,4,10
3096661611,1,1,2,2,1,3
3096663962,2,4,6,1,0,1
3096846942,4,4,8,4,5,9
3096886985,1,1,2,1,0,1
3096913320,1,1,2,1,1,2
3097001056,1,1,2,1,1,2
3097154668,1,1,2,2,1,3
3097251855,1,1,2,1,1,2
3097342981,1,1,2,1,1,2
3097370693,2,2,4,2,2,4
3097466678,18,18,36,7,18,25
3097615893,2,2,4,1,0,1
3097844566,10,10,20,11,11,22
3097915420,1,1,2,4,1,5
3098035626,1,2,3,2,1,3
3098036858,1,1,2,2,1,3
3098069004,1,1,2,1,1,2
3098092220,1,1,2,5,3,8
3098097753,2,2,4,4,2,6
3098098692,2,2,4,2,2,4
3098121867,1,1,2,1,0,1
3098162247,1,0,1,1,0,1
3098182343,1,1,2,1,0,1
3098254927,6,5,11,7,6,13
3098316236,3,2,5,3,2,5
3098320066,2,2,4,1,2,3
3098405653,2,5,7,1,1,2
3098563142,1,1,2,1,1,2
3098602377,5,5,10,9,9,18
3098646159,2,2,4,2,3,5
3098658135,1,2,3,1,0,1
3098671970,1,1,2,1,1,2
3098705370,1,5,6,3,3,6
3098726050,1,6,7,1,0,1
3098735548,7,7,14,4,7,11
3098739033,2,2,4,28,26,54
3098814326,2,2,4,2,1,3
3098824392,1,2,3,1,0,1
3098834218,3,3,6,1,3,4
3098859793,3,3,6,2,2,4
3098874716,1,1,2,1,1,2
3098876379,1,1,2,1,0,1
3098938231,1,1,2,1,0,1
3098960084,2,2,4,1,2,3
3098972655,2,5,7,2,0,2
3098979838,2,0,2,1,0,1
3098987920,2,2,4,1,1,2
3098988152,1,0,1,3,7,10
3099000220,1,1,2,1,0,1
3099033781,3,2,5,2,1,3
3099042959,2,2,4,3,3,6
3099091632,2,2,4,3,3,6
3099093780,1,1,2,1,1,2
3099202870,19,21,40,9,18,27
3099204368,5,6,11,5,8,13
3099264615,12,12,24,5,12,17
3099292061,1,1,2,2,2,4
3099390127,1,1,2,1,1,2
3099470459,10,10,20,4,10,14
3099541552,1,1,2,1,0,1
3099589132,1,0,1,1,0,1
3099658013,5,5,10,6,8,14
3099771981,1,1,2,2,1,3
3099796157,3,3,6,1,3,4
3099834775,2,3,5,1,1,2
3099835892,1,0,1,1,0,1
3099915069,1,1,2,3,1,4
3100043959,17,16,33,3,17,20
3100143990,1,1,2,1,1,2
3100224074,1,0,1,1,0,1
3100226241,10,10,20,4,10,14
3100296885,3,1,4,1,0,1
3100340265,3,4,7,1,6,7
3100406152,2,2,4,3,2,5
3100420823,1,0,1,2,0,2
3100431907,5,5,10,1,5,6
3100435708,2,3,5,1,1,2
3100462320,1,0,1,1,0,1
3100489026,2,2,4,4,2,6
3100489659,6,6,12,3,5,8
3100494256,1,1,2,1,1,2
3100611369,1,1,2,1,1,2
3100614600,3,4,7,1,1,2
3100684601,1,1,2,1,1,2
3100694013,2,2,4,1,2,3
3100789352,2,2,4,1,2,3
3100859823,2,2,4,4,3,7
3100874795,1,1,2,2,1,3
3100878431,4,0,4,2,0,2
3100925899,1,1,2,2,1,3
3100956703,1,1,2,1,1,2
3101108945,4,4,8,1,4,5
3101113699,1,1,2,5,2,7
3101188053,1,1,2,1,1,2
3101213918,2,3,5,1,1,2
3101243147,3,3,6,4,4,8
3101254351,1,1,2,1,0,1
3101311810,1,0,1,1,0,1
3101333962,4,4,8,2,4,6
3101355536,2,1,3,1,0,1
3101423103,1,1,2,2,1,3
3101440943,13,13,26,10,13,23
3101464221,14,14,28,16,57,73
3101514710,2,2,4,3,2,5
3101576685,3,3,6,4,4,8
3101599688,1,1,2,3,1,4
3101617324,2,2,4,1,2,3
3101628963,26,26,52,4,27,31
3101635343,2,2,4,6,2,8
3101643447,1,1,2,1,1,2
3101738665,1,2,3,1,0,1
3101745677,1,2,3,1,0,1
3101787546,4,6,10,1,1,2
3101823267,1,0,1,1,0,1
3101947857,2,6,8,3,0,3
3102011997,5,5,10,5,5,10
3102019273,8,8,16,8,8,16
3102023865,2,2,4,7,0,7
3102046890,6,10,16,4,3,7
3102049332,4,4,8,3,4,7
3102058583,2,2,4,1,2,3
3102074911,1,0,1,1,0,1
3102119741,2,1,3,1,0,1
3102143480,2,2,4,1,2,3
3102304644,1,0,1,6,4,10
3102323275,1,0,1,1,0,1
3102347523,1,2,3,2,0,2
3102391666,1,2,3,3,3,6
3102876964,1,1,2,3,2,5
3102904786,1,4,5,1,0,1
3102987892,4,4,8,3,4,7
3103162131,1,1,2,1,0,1
3103179545,4,5,9,5,4,9
3103303265,2,2,4,3,2,5
3103364279,4,4,8,4,4,8
3103367606,2,5,7,7,6,13
3103375009,1,0,1,1,0,1
3103408529,3,5,8,2,2,4
3103422455,2,2,4,1,2,3
3103422755,1,1,2,2,2,4
3103424264,16,17,33,8,16,24
3103587835,3,3,6,7,6,13
3103603858,7,7,14,2,7,9
3103623751,1,1,2,1,0,1
3103637450,1,0,1,2,0,2
3103637633,2,2,4,1,2,3
3103650370,1,1,2,2,0,2
3103651270,20,20,40,4,20,24
3103761075,19,0,19,5,0,5
3103782321,1,1,2,1,1,2
3103884734,1,1,2,3,1,4
3103911615,1,2,3,1,2,3
3103968651,5,4,9,1,4,5
3103982141,7,7,14,2,7,9
3103984846,1,1,2,5,1,6
3104131840,11,13,24,7,10,17
3104176224,1,3,4,3,3,6
3104192531,1,1,2,1,0,1
3104201606,15,15,30,15,15,30
3104234803,25,25,50,5,25,30
3104235066,3,3,6,2,4,6
3104297742,2,2,4,5,2,7
3104343428,1,4,5,1,0,1
3104344860,1,1,2,2,2,4
3104350098,2,2,4,2,2,4
3104375121,15,15,30,13,15,28
3104405109,19,19,38,11,18,29
3104429270,8,8,16,1,8,9
3104442713,12,12,24,18,18,36
3104480641,1,1,2,2,1,3
3104481950,2,1,3,1,0,1
3104484475,1,1,2,1,1,2
3104694782,2,1,3,2,1,3
3104707939,1,1,2,1,1,2
3104709719,11,10,21,12,10,22
3104789631,2,1,3,4,2,6
3104905342,7,6,13,4,7,11
3104906528,6,6,12,6,6,12
3104906717,1,1,2,3,1,4
3104907479,6,6,12,6,6,12
3104908122,3,3,6,3,5,8
3104922484,6,6,12,2,6,8
3104925685,1,1,2,1,1,2
3104968418,1,1,2,1,0,1
3104992434,1,0,1,1,1,2
3104992852,1,0,1,1,0,1
3105051020,18,18,36,7,18,25
3105056060,2,2,4,3,2,5
3105093317,4,4,8,1,4,5
3105121981,2,2,4,1,2,3
3105157105,1,1,2,1,1,2
3105161001,2,2,4,7,5,12
3105180054,1,1,2,1,1,2
3105213630,26,26,52,4,46,50
3105220570,2,2,4,2,2,4
3105239139,1,1,2,1,1,2
3105277921,17,17,34,10,18,28
3105311477,2,2,4,4,4,8
3105321269,1,1,2,1,1,2
3105332425,2,2,4,4,4,8
3105362190,1,2,3,2,0,2
3105374615,1,1,2,1,1,2
3105380371,1,1,2,1,1,2
3105397121,1,0,1,1,0,1
3105408295,5,5,10,2,5,7
3105417146,2,2,4,2,2,4
3105428419,1,1,2,1,0,1
3105431673,1,0,1,1,0,1
3105448080,2,2,4,1,1,2
3105450797,1,2,3,1,0,1
3105480412,1,4,5,1,1,2
3105497701,1,1,2,1,1,2
3105516937,2,2,4,2,2,4
3105586558,1,1,2,4,1,5
3105627584,1,1,2,1,1,2
3105630972,2,2,4,1,2,3
3105636516,3,0,3,1,0,1
3105664779,2,2,4,2,2,4
3105666745,1,0,1,1,0,1
3105700007,2,2,4,1,2,3
3105703473,4,2,6,9,10,19
3105763981,3,3,6,1,3,4
3105821649,1,4,5,1,0,1
3105863329,2,2,4,1,2,3
3105909770,2,5,7,1,0,1
3105910928,4,2,6,2,4,6
3105916451,1,1,2,1,1,2
3105926969,2,5,7,1,1,2
3105961283,5,5,10,2,5,7
3105982707,3,1,4,6,3,9
3106029731,1,0,1,1,0,1
3106035599,1,2,3,2,2,4
3106056260,4,4,8,2,5,7
3106059187,5,5,10,2,5,7
3106064910,1,0,1,1,0,1
3106162248,3,3,6,4,3,7
3106187312,3,10,13,1,1,2
3106204772,1,4,5,1,0,1
3106326653,11,11,22,7,11,18
3106362492,2,2,4,1,1,2
3106431705,5,4,9,4,4,8
3106432704,1,1,2,1,0,1
3106491720,2,2,4,2,2,4
3106505866,5,5,10,4,5,9
3106556405,1,1,2,1,1,2
3106718091,2,2,4,1,2,3
3106822769,1,1,2,1,1,2
3106883477,1,0,1,2,0,2
3106891248,1,1,2,2,1,3
3106901672,2,3,5,2,2,4
3106934710,10,10,20,14,13,27
3106965405,1,0,1,1,0,1
3106967602,1,2,3,1,0,1
3106973905,2,2,4,2,2,4
3107037331,7,9,16,3,3,6
3107077899,1,1,2,2,2,4
3107150951,2,4,6,1,0,1
3107161774,4,4,8,2,4,6
3107166566,3,3,6,2,3,5
3107214863,2,0,2,1,1,2
3107266698,1,1,2,1,0,1
3107300981,1,1,2,1,0,1
3107343721,5,5,10,6,6,12
3107345304,1,2,3,2,0,2
3107427792,1,1,2,1,1,2
3107430448,2,2,4,1,2,3
3107459473,1,7,8,1,0,1
3107462147,1,1,2,4,3,7
3107487935,14,26,40,1,1,2
3107565417,2,3,5,3,1,4
3107592613,1,3,4,1,0,1
3107773459,2,2,4,1,2,3
3107792970,1,0,1,1,0,1
3107854903,1,1,2,1,1,2
3107879691,1,1,2,1,1,2
3108137070,1,1,2,1,1,2
3108229045,7,11,18,6,6,12
3108284461,1,2,3,1,0,1
3108462869,2,2,4,2,2,4
3108467281,5,7,12,3,3,6
3108477752,1,0,1,1,0,1
3108482333,1,1,2,2,1,3
3108484482,1,0,1,2,0,2
3108521169,2,2,4,1,2,3
3108564449,2,5,7,1,0,1
3108589011,3,3,6,1,3,4
3108675807,7,10,17,6,7,13
3108712952,2,2,4,2,2,4
3108743094,2,0,2,1,0,1
3108785293,1,1,2,1,1,2
3108821571,1,0,1,1,0,1
3108908027,6,6,12,6,6,12
3108947910,1,0,1,1,0,1
3109006372,2,3,5,1,0,1
3109055166,3,4,7,1,1,2
3109108260,1,1,2,1,1,2
3109131364,1,1,2,1,1,2
3109263417,1,1,2,2,1,3
3109359968,6,9,15,8,4,12
3109408352,3,2,5,2,2,4
3109492829,1,0,1,2,0,2
3109581531,1,1,2,1,1,2
3109671505,7,7,14,8,7,15
3109737783,7,7,14,2,7,9
3109797820,1,1,2,1,1,2
3109885549,1,1,2,1,1,2
3109908968,6,6,12,3,6,9
3109930721,1,0,1,1,0,1
3110009700,15,15,30,11,16,27
3110095990,2,2,4,2,2,4
3110200409,6,15,21,1,0,1
3110270937,12,12,24,3,12,15
3110392350,1,1,2,1,1,2
3110400734,1,0,1,1,0,1
3110473481,2,2,4,2,3,5
3110577850,1,1,2,1,1,2
3110644331,1,1,2,2,0,2
3110713012,1,3,4,1,0,1
3110713376,1,1,2,1,2,3
3110724431,2,2,4,3,3,6
3110811595,1,0,1,2,0,2
3110814854,1,1,2,2,0,2
3110851997,6,6,12,6,12,18
3110861947,1,1,2,5,1,6
3110867755,12,12,24,14,15,29
3110905940,3,3,6,3,3,6
3110916891,1,2,3,1,0,1
3111004034,6,0,6,1,1,2
3111006731,5,5,10,7,6,13
3111015937,1,1,2,2,2,4
3111033132,5,5,10,7,7,14
3111046542,2,3,5,2,0,2
3111111834,1,1,2,1,1,2
3111171511,3,4,7,7,4,11
3111223022,2,2,4,1,2,3
3111261013,1,1,2,1,1,2
3111323650,1,1,2,1,1,2
3111362213,1,1,2,2,2,4
3111417147,2,1,3,1,1,2
3111511868,1,1,2,3,3,6
3111523509,1,2,3,1,1,2
3111529556,3,2,5,1,0,1
3111618330,9,9,18,11,9,20
3111637041,8,7,15,5,10,15
3111637954,4,4,8,2,6,8
3111747728,1,1,2,1,0,1
3112029851,2,2,4,2,2,4
3112065698,9,0,9,1,1,2
3112095151,8,10,18,5,7,12
3112275614,1,0,1,1,0,1
3112290779,1,1,2,2,1,3
3112356379,3,3,6,3,3,6
3112374597,1,1,2,2,1,3
3112438310,5,0,5,5,0,5
3112450075,1,1,2,1,1,2
3112462308,2,2,4,4,2,6
3112557300,2,1,3,2,2,4
3112584583,3,0,3,3,0,3
3112723101,1,1,2,2,1,3
3112793686,1,0,1,1,0,1
3112794915,2,1,3,1,0,1
3112899995,1,1,2,2,1,3
3112919623,1,0,1,1,0,1
3112937506,3,3,6,1,3,4
3112947037,1,0,1,2,1,3
3113011207,2,6,8,3,0,3
3113051088,2,5,7,1,1,2
3113120635,1,1,2,7,6,13
3113139560,3,3,6,4,3,7
3113159496,6,6,12,9,8,17
3113175166,4,4,8,7,6,13
3113175195,1,1,2,2,1,3
3113227677,2,2,4,7,2,9
3113266012,2,3,5,5,3,8
3113268020,5,5,10,6,4,10
3113310600,1,2,3,2,0,2
3113533996,5,5,10,1,5,6
3113540443,2,0,2,1,0,1
3113606758,1,4,5,1,0,1
3113639586,6,5,11,6,5,11
3113657797,4,4,8,9,4,13
3113661853,2,1,3,5,1,6
3113703056,3,3,6,4,4,8
3113722897,1,1,2,2,2,4
3113782046,3,3,6,6,5,11
3113806629,1,1,2,3,3,6
3113874849,3,0,3,1,0,1
3113941802,2,2,4,1,2,3
3113958138,1,1,2,2,2,4
3113976583,1,1,2,2,0,2
3114241469,2,2,4,2,2,4
3114241781,2,7,9,2,1,3
3114262911,11,11,22,11,11,22
3114288773,3,3,6,2,4,6
3114495353,2,1,3,1,0,1
3114503588,1,0,1,1,0,1
3114636914,14,14,28,1,14,15
3114645263,1,1,2,1,1,2
3114647367,2,3,5,1,1,2
3114755279,2,2,4,3,2,5
3114848770,13,13,26,13,13,26
3114898378,13,15,28,17,17,34
3114908414,3,3,6,3,3,6
3114910162,2,2,4,2,2,4
3114911520,2,2,4,2,2,4
3114912530,14,14,28,16,16,32
3114914797,1,1,2,1,1,2
3114932140,1,1,2,3,1,4
3114941540,1,0,1,4,3,7
3114964139,10,10,20,10,10,20
3115013082,3,3,6,8,4,12
3115048406,3,3,6,3,3,6
3115103818,2,2,4,1,2,3
3115119469,2,0,2,3,0,3
3115141102,1,1,2,4,1,5
3115145732,2,2,4,5,2,7
3115175750,1,0,1,1,0,1
3115178450,1,1,2,2,1,3
3115189655,1,1,2,1,1,2
3115236177,2,0,2,1,0,1
3115256699,1,1,2,2,2,4
3115286604,1,2,3,1,2,3
3115358657,11,11,22,3,12,15
3115364975,5,5,10,3,8,11
3115409265,3,3,6,10,6,16
3115427385,6,6,12,5,6,11
3115438957,7,7,14,10,8,18
3115450427,1,1,2,1,1,2
3115523735,1,1,2,1,1,2
3115576172,2,3,5,1,0,1
3115638272,1,10,11,1,1,2
3115687300,1,0,1,1,0,1
3115690235,2,0,2,1,0,1
3115690353,1,1,2,2,1,3
3115692985,3,3,6,1,3,4
3115702530,4,0,4,3,0,3
3115723146,1,0,1,1,1,2
3115762277,8,8,16,12,13,25
3115774398,2,0,2,1,0,1
3115793886,1,0,1,1,0,1
3115863232,4,4,8,3,4,7
3115907207,1,1,2,1,1,2
3115929855,1,0,1,1,0,1
3115931801,2,2,4,3,2,5
3115950898,3,5,8,1,1,2
3115990082,3,2,5,1,0,1
3115993863,1,0,1,2,0,2
3115997582,1,1,2,2,1,3
3115999283,3,3,6,2,3,5
3116057368,10,9,19,7,9,16
3116057921,3,2,5,1,0,1
3116114852,3,1,4,1,0,1
3116164039,14,14,28,9,11,20
3116196847,2,2,4,2,2,4
3116197763,11,11,22,4,12,16
3116201888,3,3,6,6,3,9
3116211915,18,19,37,3,17,20
3116225832,1,0,1,2,0,2
3116342911,1,1,2,2,1,3
3116383745,1,3,4,1,0,1
3116429721,1,1,2,4,1,5
3116447269,4,4,8,1,1,2
3116525736,1,1,2,1,1,2
3116527339,2,3,5,1,0,1
3116626220,3,2,5,5,2,7
3116646172,3,3,6,2,3,5
3116676084,3,3,6,2,3,5
3116676085,1,1,2,3,1,4
3116678012,1,1,2,1,1,2
3116678519,1,0,1,1,0,1
3116692282,1,2,3,1,0,1
3116741581,1,0,1,4,0,4
3116768717,2,1,3,1,1,2
3116792966,1,0,1,1,0,1
3116795184,1,0,1,1,1,2
3116839730,1,1,2,1,0,1
3116842709,1,1,2,5,0,5
3116843799,1,1,2,1,0,1
3116907891,2,2,4,1,1,2
3116948714,1,1,2,8,2,10
3116966072,2,5,7,1,0,1
3117041693,2,1,3,2,1,3
3117050813,1,0,1,1,0,1
3117069256,1,1,2,2,1,3
3117102964,4,2,6,1,1,2
3117130962,2,2,4,1,0,1
3117134087,2,2,4,1,0,1
3117273620,4,4,8,1,4,5
3117274843,5,5,10,3,5,8
3117282678,8,5,13,1,1,2
3117328509,2,3,5,1,0,1
3117562263,4,4,8,2,2,4
3117585851,1,1,2,5,0,5
3117587606,1,1,2,4,0,4
3117592743,2,2,4,5,2,7
3117616049,4,4,8,9,8,17
3117650264,3,3,6,4,3,7
3117717805,1,1,2,1,1,2
3117730666,2,2,4,3,3,6
3117748425,1,1,2,1,1,2
3117767502,4,4,8,6,6,12
3117783717,1,3,4,4,0,4
3117833393,3,1,4,1,1,2
3117853312,1,0,1,1,0,1
3117915292,1,5,6,1,1,2
3117928238,2,2,4,2,2,4
3117952456,8,9,17,12,19,31
3117985293,1,1,2,2,1,3
3118009864,2,1,3,6,6,12
3118031619,2,2,4,1,2,3
3118050781,1,1,2,1,1,2
3118057796,2,2,4,4,5,9
3118180005,2,1,3,1,0,1
3118228118,1,0,1,1,0,1
3118243699,5,5,10,4,4,8
3118273063,9,9,18,6,9,15
3118277384,2,2,4,2,2,4
3118291562,8,8,16,2,8,10
3118310361,3,3,6,2,3,5
3118324109,4,4,8,5,3,8
3118325038,1,0,1,1,0,1
3118350773,1,2,3,5,4,9
3118354882,1,1,2,1,1,2
3118434191,12,12,24,11,12,23
3118494956,2,2,4,2,2,4
3118523331,1,1,2,2,1,3
3118528221,8,7,15,2,0,2
3118529533,1,1,2,2,1,3
3118532412,1,2,3,1,0,1
3118552452,1,1,2,1,0,1
3118577791,1,1,2,1,0,1
3118603489,1,0,1,3,0,3
3118671099,1,0,1,1,0,1
3118719846,2,2,4,1,1,2
3118735492,6,6,12,7,6,13
3118744195,2,3,5,1,1,2
3118768741,1,0,1,1,0,1
3118774482,3,3,6,5,3,8
3118811174,4,1,5,1,0,1
3118814255,1,2,3,1,0,1
3118884227,5,5,10,6,11,17
3118960106,2,2,4,4,2,6
3118982196,1,1,2,1,1,2
3118997723,1,1,2,1,0,1
3119000934,1,1,2,1,1,2
3119007318,1,0,1,1,0,1
3119010150,4,3,7,6,3,9
3119013740,1,1,2,1,1,2
3119036015,1,2,3,1,0,1
3119042017,10,10,20,14,14,28
3119076767,2,3,5,2,2,4
3119083772,4,4,8,4,4,8
3119083821,6,6,12,1,6,7
3119098184,1,1,2,1,1,2
3119168467,2,2,4,2,2,4
3119212776,1,1,2,4,33,37
3119252975,3,3,6,5,4,9
3119255541,1,2,3,7,5,12
3119335069,3,3,6,8,3,11
3119351997,4,4,8,2,4,6
3119354820,4,5,9,1,3,4
3119359241,1,1,2,2,1,3
3119359459,1,1,2,3,2,5
3119417980,1,0,1,1,0,1
3119512382,2,3,5,16,13,29
3119547675,1,1,2,1,1,2
3119551493,9,0,9,3,3,6
3119562985,1,2,3,2,2,4
3119616805,2,2,4,1,2,3
3119669139,1,1,2,2,1,3
3119698098,4,4,8,1,4,5
3119706171,4,4,8,1,4,5
3119774752,3,15,18,1,1,2
3119785304,3,4,7,2,1,3
3119796669,6,9,15,3,3,6
3119818342,2,2,4,3,0,3
3119829512,3,5,8,2,2,4
3119837997,1,0,1,1,0,1
3119857154,2,1,3,2,2,4
3119875520,3,3,6,1,3,4
3120015663,1,0,1,2,0,2
3120061550,2,1,3,4,1,5
3120062809,2,2,4,5,2,7
3120092227,1,1,2,1,0,1
3120115453,2,2,4,4,1,5
3120115468,2,3,5,5,1,6
3120145116,1,1,2,1,0,1
3120148691,1,0,1,1,0,1
3120162244,1,1,2,1,0,1
3120165375,1,1,2,3,2,5
3120194855,3,1,4,1,1,2
3120231667,1,1,2,4,1,5
3120246489,15,15,30,15,15,30
3120281017,5,5,10,3,5,8
3120352035,1,1,2,5,5,10
3120389334,10,10,20,12,10,22
3120431986,1,1,2,2,1,3
3120465318,3,2,5,7,3,10
3120492890,1,0,1,1,0,1
3120516598,3,3,6,6,2,8
3120548219,1,1,2,2,0,2
3120573017,1,1,2,4,0,4
3120573035,2,2,4,6,1,7
3120576275,1,0,1,1,0,1
3120599542,4,4,8,7,4,11
3120603357,1,0,1,1,0,1
3120704042,4,4,8,11,4,15
3120706187,3,4,7,2,2,4
3120731183,3,3,6,6,3,9
3120854116,1,1,2,1,1,2
3120916586,1,1,2,1,0,1
3120931939,1,1,2,1,0,1
3120974463,1,1,2,1,0,1
3121006079,1,0,1,3,0,3
3121012984,3,3,6,1,1,2
3121048694,1,0,1,1,0,1
3121242459,1,1,2,4,0,4
3121293627,4,6,10,9,5,14
3121423421,1,0,1,2,0,2
3121456373,1,0,1,1,0,1
3121492452,5,1,6,3,0,3
3121514732,15,14,29,9,16,25
3121517274,6,6,12,2,6,8
3121539287,5,20,25,1,1,2
3121603815,2,1,3,2,0,2
3121605382,1,0,1,3,0,3
3121678248,4,4,8,20,17,37
3121724695,4,4,8,3,2,5
3121737916,1,1,2,3,1,4
3121799971,4,0,4,1,0,1
3121803788,2,2,4,3,2,5
3121806803,1,4,5,4,4,8
3121860517,1,0,1,1,0,1
3121876143,1,0,1,1,0,1
3121905929,1,0,1,1,0,1
3122019153,4,4,8,5,4,9
3122034236,6,6,12,23,14,37
3122085303,8,10,18,19,11,30
3122085608,1,2,3,1,0,1
3122125461,1,0,1,1,0,1
3122168130,1,0,1,1,0,1
3122256026,2,3,5,1,1,2
3122267032,23,23,46,7,43,50
3122304494,2,2,4,2,2,4
3122361082,8,8,16,5,8,13
3122389974,1,1,2,5,1,6
3122455352,1,2,3,2,0,2
3122494142,4,4,8,2,5,7
3122502814,1,0,1,2,0,2
3122559134,4,4,8,5,6,11
3122560804,1,1,2,3,1,4
3122564816,2,2,4,3,3,6
3122572297,1,1,2,2,2,4
3122605015,7,7,14,2,7,9
3122627357,1,1,2,1,1,2
3122685221,1,1,2,4,1,5
3122755362,1,1,2,1,1,2
3122785245,1,2,3,2,0,2
3122792815,1,0,1,2,0,2
3122804139,1,1,2,1,1,2
3122806992,4,2,6,9,4,13
3122811733,11,10,21,19,17,36
3122816733,1,1,2,1,0,1
3122883937,1,1,2,1,0,1
3122940998,5,3,8,1,1,2
3122947325,7,7,14,1,7,8
3122957218,1,1,2,2,1,3
3123005322,2,2,4,1,2,3
3123104574,2,2,4,1,2,3
3123149058,2,2,4,4,2,6
3123156365,1,1,2,4,1,5
3123171150,3,3,6,2,3,5
3123198992,1,1,2,3,11,14
3123200829,5,1,6,1,0,1
3123268247,4,6,10,3,3,6
3123274413,1,1,2,2,1,3
3123305611,1,0,1,1,0,1
3123306791,2,0,2,1,0,1
3123313781,1,0,1,1,0,1
3123328575,2,2,4,1,0,1
3123336466,2,2,4,1,1,2
3123401706,2,0,2,1,0,1
3123542432,1,0,1,1,0,1
3123559414,1,0,1,1,0,1
3123588827,5,5,10,2,2,4
3123620649,1,1,2,2,1,3
3123638990,1,0,1,1,0,1
3123671511,2,2,4,3,4,7
3123682272,1,1,2,2,1,3
3123684653,5,4,9,6,4,10
3123770039,5,1,6,4,1,5
3123800072,4,4,8,3,4,7
3123864176,3,10,13,1,1,2
3123934542,13,13,26,7,13,20
3123940674,1,1,2,1,0,1
3123970648,28,28,56,2,36,38
3123970996,15,15,30,15,15,30
3124019433,1,0,1,1,0,1
3124026492,12,12,24,18,18,36
3124074585,1,1,2,1,0,1
3124093883,3,14,17,1,1,2
3124143626,7,7,14,8,7,15
3124159445,1,2,3,1,0,1
3124175903,1,1,2,1,1,2
3124200228,1,1,2,1,1,2
3124217050,2,1,3,2,1,3
3124235670,1,2,3,2,0,2
3124259746,2,2,4,1,2,3
3124270656,1,0,1,1,0,1
3124342321,1,1,2,2,1,3
3124374304,4,4,8,2,4,6
3124406554,1,1,2,2,1,3
3124416445,1,1,2,1,1,2
3124423716,1,1,2,2,1,3
3124466173,4,4,8,1,4,5
3124498953,3,3,6,1,3,4
3124500329,1,1,2,1,1,2
3124519413,1,1,2,1,1,2
3124551872,1,0,1,1,0,1
3124605364,1,1,2,2,1,3
3124649893,6,4,10,2,2,4
3124655172,1,1,2,3,1,4
3124658074,1,1,2,1,1,2
3124678827,3,3,6,2,3,5
3124709717,1,1,2,3,1,4
3124738660,11,11,22,3,11,14
3124739845,1,1,2,2,2,4
3124770284,1,4,5,1,0,1
3124788348,3,3,6,1,3,4
3124811802,3,3,6,5,5,10
3124830050,5,5,10,5,5,10
3124835441,2,2,4,6,3,9
3124925055,2,2,4,1,0,1
3124935769,3,3,6,3,3,6
3124953289,5,4,9,4,5,9
3124963982,1,1,2,1,1,2
3125019418,1,1,2,2,1,3
3125084904,2,2,4,2,2,4
3125100182,1,0,1,1,0,1
3125125365,2,1,3,1,0,1
3125140563,15,15,30,2,15,17
3125208893,3,3,6,4,3,7
3125228771,1,1,2,1,1,2
3125348061,10,8,18,3,3,6
3125363419,1,1,2,1,1,2
3125375217,1,1,2,1,0,1
3125436802,2,2,4,2,2,4
3125459043,2,2,4,2,2,4
3125462081,1,2,3,1,1,2
3125469912,4,4,8,2,4,6
3125471471,2,3,5,1,0,1
3125474571,2,3,5,1,1,2
3125481598,2,4,6,1,0,1
3125517463,1,1,2,1,1,2
3125526714,2,2,4,2,2,4
3125531606,18,18,36,10,24,34
3125554761,1,1,2,1,1,2
3125657171,1,1,2,2,1,3
3125686101,1,4,5,1,0,1
3125703292,1,1,2,1,1,2
3125708547,1,1,2,4,1,5
3125721388,3,3,6,1,3,4
3125744468,3,3,6,4,3,7
3125759740,18,18,36,12,19,31
3125771920,2,2,4,4,2,6
3125790678,2,2,4,6,5,11
3125817776,1,1,2,4,1,5
3125826357,1,1,2,1,1,2
3125834113,1,0,1,2,0,2
3125850603,3,3,6,3,3,6
3125872765,1,1,2,1,0,1
3125874926,6,6,12,4,6,10
3125876679,1,0,1,1,0,1
3125879237,8,8,16,3,8,11
3125880075,3,3,6,2,3,5
3125905109,1,0,1,1,0,1
3125954430,2,1,3,3,1,4
3125961609,2,2,4,4,2,6
3125972252,2,2,4,1,2,3
3125975669,1,1,2,2,1,3
3125978633,1,2,3,1,1,2
3125996513,3,2,5,7,6,13
3126001730,1,1,2,1,1,2
3126007144,1,1,2,1,1,2
3126016118,3,3,6,4,3,7
3126049604,1,1,2,1,1,2
3126127102,1,1,2,2,1,3
3126165202,6,6,12,4,6,10
3126181209,5,5,10,4,5,9
3126185401,7,7,14,8,7,15
3126215556,13,24,37,12,12,24
3126227009,2,4,6,2,1,3
3126296404,7,7,14,2,7,9
3126316303,2,1,3,1,1,2
3126326231,6,6,12,3,6,9
3126334552,8,8,16,2,8,10
3126336730,1,1,2,17,22,39
3126371051,1,0,1,2,2,4
3126400377,3,2,5,1,1,2
3126427425,2,2,4,5,2,7
3126428117,6,6,12,2,6,8
3126429251,4,4,8,4,4,8
3126445874,10,10,20,2,10,12
3126453666,3,3,6,1,3,4
3126468068,3,3,6,1,3,4
3126523394,1,7,8,3,3,6
3126530365,1,0,1,1,0,1
3126531329,3,3,6,2,3,5
3126562850,2,2,4,1,2,3
3126575157,3,3,6,2,3,5
3126576732,10,10,20,7,13,20
3126576748,10,10,20,1,10,11
3126577584,6,6,12,1,6,7
3126578778,4,4,8,1,4,5
3126580524,3,3,6,1,3,4
3126580774,1,1,2,1,1,2
3126584834,1,1,2,3,2,5
3126630055,3,3,6,4,3,7
3126639142,1,2,3,1,0,1
3126736866,1,0,1,4,0,4
3126745156,2,2,4,2,2,4
3126748591,1,0,1,1,0,1
3126750243,3,3,6,3,3,6
3126752437,1,1,2,1,1,2
3126766724,1,0,1,1,0,1
3126789906,5,5,10,4,5,9
3126805770,11,11,22,4,11,15
3126808340,2,2,4,2,2,4
3126819513,7,7,14,4,7,11
3126952017,1,1,2,1,1,2
3126963776,3,4,7,1,1,2
3126983077,2,2,4,3,2,5
3126983583,2,2,4,1,0,1
3126984934,4,3,7,4,3,7
3127017898,7,7,14,6,7,13
3127024320,1,2,3,1,0,1
3127025781,7,8,15,10,9,19
3127031426,1,3,4,2,2,4
3127037260,2,2,4,5,2,7
3127066207,2,2,4,2,2,4
3127112794,4,0,4,1,0,1
3127121876,2,0,2,3,2,5
3127130622,1,0,1,1,0,1
3127202014,3,3,6,4,4,8
3127203533,2,2,4,2,2,4
3127222871,13,13,26,17,15,32
3127225695,1,1,2,3,1,4
3127231883,14,14,28,16,16,32
3127301239,4,4,8,4,4,8
3127304119,3,3,6,2,2,4
3127367943,2,1,3,1,0,1
3127475132,1,0,1,1,1,2
3127479651,1,0,1,1,0,1
3127504973,2,2,4,2,2,4
3127508066,3,3,6,5,2,7
3127561123,1,10,11,1,0,1
3127580819,1,1,2,2,1,3
3127584756,2,2,4,1,2,3
3127600458,24,23,47,5,22,27
3127605659,5,12,17,3,4,7
3127605790,4,4,8,2,4,6
3127607439,5,5,10,5,5,10
3127629424,5,3,8,4,0,4
3127646790,2,1,3,1,1,2
3127734062,1,1,2,3,1,4
3127781810,1,0,1,1,0,1
3127795243,13,13,26,15,13,28
3127811320,11,11,22,4,11,15
3127864612,4,4,8,2,3,5
3127922015,1,1,2,1,1,2
3127922060,5,5,10,2,5,7
3127926786,2,2,4,3,2,5
3127937671,1,2,3,1,1,2
3127947179,1,2,3,1,0,1
3127953013,2,7,9,1,1,2
3127973312,3,2,5,2,2,4
3127975454,1,1,2,1,1,2
3127983267,2,2,4,2,2,4
3127987431,1,1,2,4,1,5
3127995114,1,1,2,1,1,2
3128005749,1,0,1,1,0,1
3128025108,4,4,8,4,4,8
3128035119,1,0,1,1,0,1
3128040225,1,0,1,1,0,1
3128059125,2,2,4,1,1,2
3128071420,1,1,2,2,1,3
3128073685,7,11,18,10,10,20
3128080376,3,3,6,2,3,5
3128082969,3,2,5,2,2,4
3128101498,1,1,2,2,1,3
3128107030,1,0,1,1,0,1
3128108565,1,1,2,3,1,4
3128109084,1,1,2,1,1,2
3128110755,2,1,3,2,2,4
3128113640,2,2,4,3,2,5
3128117880,3,3,6,2,2,4
3128134851,1,1,2,2,1,3
3128187091,1,3,4,2,2,4
3128209624,1,1,2,1,1,2
3128214004,11,11,22,19,19,38
3128243448,2,2,4,3,2,5
3128266425,2,3,5,1,1,2
3128268896,1,1,2,2,1,3
3128297184,20,20,40,10,23,33
3128314667,2,2,4,2,2,4
3128332652,1,1,2,1,1,2
3128388803,2,2,4,4,2,6
3128402203,16,16,32,9,16,25
3128420467,6,6,12,2,6,8
3128423500,1,0,1,1,0,1
3128434598,1,1,2,1,0,1
3128453171,6,6,12,1,6,7
3128455534,1,1,2,1,1,2
3128484287,1,1,2,1,1,2
3128540833,1,0,1,1,0,1
3128568466,3,0,3,1,0,1
3128577334,1,2,3,1,0,1
3128577589,6,0,6,1,0,1
3128628999,2,3,5,1,4,5
3128641855,7,7,14,4,7,11
3128651757,9,9,18,8,9,17
3128666358,1,1,2,1,1,2
3128687723,1,1,2,4,4,8
3128707994,1,0,1,1,0,1
3128713996,2,7,9,1,1,2
3128726440,2,4,6,1,1,2
3128738452,1,0,1,1,0,1
3128740495,1,3,4,3,3,6
3128853626,3,3,6,2,3,5
3128856324,2,2,4,2,2,4
3128875783,1,0,1,1,0,1
3128936333,1,0,1,1,0,1
3128952963,1,0,1,1,0,1
3128974925,1,0,1,1,0,1
3128989970,1,1,2,1,1,2
3128998147,1,0,1,1,0,1
3129001574,5,2,7,3,2,5
3129024143,1,6,7,3,2,5
3129043198,1,1,2,1,1,2
3129045139,3,3,6,1,5,6
3129072410,3,3,6,3,3,6
3129089381,1,1,2,3,1,4
3129108730,1,2,3,2,1,3
3129114524,1,0,1,1,0,1
3129126072,1,1,2,2,1,3
3129133917,1,3,4,10,8,18
3129220052,1,0,1,1,0,1
3129238697,2,2,4,6,2,8
3129268159,4,3,7,4,3,7
3129273591,1,0,1,3,3,6
3129362464,14,0,14,1,0,1
3129474876,1,2,3,1,0,1
3129509318,11,11,22,10,13,23
3129652352,2,2,4,2,2,4
3129679077,2,2,4,3,2,5
3129707769,3,3,6,3,3,6
3129719604,1,1,2,2,0,2
3129773117,1,3,4,2,2,4
3129931789,1,0,1,1,0,1
3129938355,1,1,2,3,0,3
3129949209,1,2,3,1,0,1
3130018255,1,4,5,1,0,1
3130021754,8,8,16,3,7,10
3130084970,13,14,27,4,12,16
3130094355,15,15,30,9,16,25
3130314581,1,1,2,1,1,2
3130367551,1,0,1,2,0,2
3130488557,1,0,1,1,1,2
3130548079,2,2,4,1,5,6
3130553803,2,10,12,1,0,1
3130562581,21,21,42,7,21,28
3130578007,2,2,4,1,2,3
3130653000,12,12,24,9,12,21
3130669628,3,3,6,1,3,4
3130671559,10,7,17,2,3,5
3130672254,5,5,10,2,5,7
3130772544,2,1,3,2,0,2
3130780822,2,2,4,7,3,10
3130792767,2,0,2,1,0,1
3130798860,2,2,4,3,2,5
3130800330,8,8,16,9,9,18
3130816219,2,0,2,10,9,19
3130854348,1,0,1,1,0,1
3130854945,3,2,5,1,1,2
3130861411,5,5,10,6,5,11
3130866133,2,2,4,2,2,4
3130891445,1,1,2,1,1,2
3130921190,27,27,54,3,35,38
3130941497,5,6,11,2,2,4
3131078126,1,1,2,1,1,2
3131081344,3,3,6,7,3,10
3131084965,1,1,2,3,1,4
3131126971,3,1,4,1,0,1
3131176374,6,6,12,3,6,9
3131183169,3,2,5,3,2,5
3131192863,2,2,4,4,2,6
3131285251,1,0,1,1,1,2
3131330077,1,1,2,1,0,1
3131357482,2,1,3,1,1,2
3131363017,2,2,4,2,2,4
3131363751,1,0,1,1,0,1
3131367675,9,9,18,6,9,15
3131423027,1,1,2,1,0,1
3131426409,1,0,1,1,0,1
3131428834,9,9,18,9,9,18
3131438636,2,2,4,3,3,6
3131446548,1,0,1,1,0,1
3131449030,1,1,2,1,1,2
3131457302,1,0,1,2,0,2
3131497758,3,3,6,4,4,8
3131500682,1,1,2,2,1,3
3131512627,5,5,10,1,6,7
3131517078,2,0,2,1,0,1
3131521120,2,2,4,2,2,4
3131555904,1,7,8,3,3,6
3131573011,1,0,1,1,0,1
3131628274,5,5,10,3,5,8
3131634381,3,3,6,1,3,4
3131643730,2,2,4,9,2,11
3131691179,14,14,28,7,14,21
3131708688,7,7,14,5,7,12
3131708689,1,1,2,3,25,28
3131737455,1,0,1,1,0,1
3131748601,7,7,14,18,17,35
3131778726,1,1,2,2,2,4
3131780712,20,20,40,10,26,36
3131785095,13,13,26,17,15,32
3131807343,10,10,20,18,12,30
3131807380,1,0,1,4,0,4
3131807383,5,5,10,8,6,14
3131824435,19,19,38,3,21,24
3131827240,1,0,1,1,0,1
3131854557,1,1,2,5,4,9
3131865677,1,3,4,1,0,1
3131885496,1,0,1,1,0,1
3131904953,1,1,2,3,1,4
3131905020,1,1,2,3,6,9
3131926155,2,2,4,2,2,4
3132010928,2,1,3,1,1,2
3132048757,1,1,2,1,1,2
3132063493,1,1,2,1,1,2
3132106514,1,0,1,1,0,1
3132154650,1,0,1,1,0,1
3132228310,1,4,5,1,0,1
3132228451,2,1,3,2,1,3
3132266205,1,0,1,1,0,1
3132362063,2,2,4,3,3,6
3132374415,6,6,12,6,6,12
3132383081,3,3,6,4,3,7
3132417344,2,0,2,1,2,3
3132497241,1,0,1,4,2,6
3132499772,1,1,2,2,1,3
3132518291,7,7,14,3,7,10
3132558988,2,2,4,2,4,6
3132622672,11,11,22,19,18,37
3132684592,1,1,2,2,0,2
3132687184,2,2,4,2,1,3
3132727237,5,5,10,3,5,8
3132733770,2,0,2,2,0,2
3132740864,24,0,24,2,0,2
3132759286,1,0,1,16,15,31
3132779656,3,3,6,3,5,8
3132862846,2,2,4,2,2,4
3132972451,2,4,6,1,0,1
3133002658,3,3,6,2,2,4
3133034704,1,1,2,1,1,2
3133111584,14,14,28,1,3,4
3133214926,9,9,18,3,9,12
3133260453,3,3,6,1,3,4
3133264502,1,0,1,9,5,14
3133273313,1,1,2,2,1,3
3133297688,3,3,6,2,3,5
3133299294,2,1,3,1,1,2
3133452316,2,0,2,1,0,1
3133474971,7,7,14,5,7,12
3133513515,1,1,2,1,1,2
3133577956,3,3,6,5,4,9
3133760814,6,6,12,3,6,9
3133766022,1,1,2,1,1,2
3133771594,17,17,34,13,22,35
3133785028,1,1,2,1,1,2
3133865014,3,3,6,4,3,7
3133926479,1,1,2,1,0,1
3133959095,3,3,6,6,4,10
3133966171,1,1,2,2,1,3
3133982700,4,4,8,1,4,5
3134055883,2,2,4,1,2,3
3134068713,3,3,6,3,3,6
3134092582,10,10,20,3,10,13
3134178943,1,1,2,2,1,3
3134197074,3,1,4,1,0,1
3134199781,3,2,5,1,1,2
3134210432,5,5,10,6,5,11
3134224456,1,2,3,1,0,1
3134259975,2,2,4,4,2,6
3134266175,1,0,1,1,0,1
3134293266,1,3,4,1,0,1
3134297866,1,1,2,1,1,2
3134302678,5,5,10,6,6,12
3134305730,2,2,4,3,2,5
3134340167,1,1,2,1,1,2
3134374940,1,1,2,1,1,2
3134392664,1,0,1,2,0,2
3134422820,7,14,21,2,2,4
3134438774,20,20,40,10,20,30
3134478540,2,2,4,6,3,9
3134498870,1,2,3,2,1,3
3134528632,2,3,5,2,2,4
3134547788,4,4,8,2,4,6
3134563255,1,1,2,1,0,1
3134580076,6,6,12,8,6,14
3134601663,2,2,4,5,2,7
3134609895,2,2,4,3,2,5
3134614157,1,1,2,5,1,6
3134624005,2,2,4,2,2,4
3134658678,4,4,8,1,0,1
3134668584,1,0,1,1,0,1
3134692126,2,3,5,2,1,3
3134692524,4,4,8,7,7,14
3134692878,5,5,10,2,5,7
3134710514,7,7,14,5,13,18
3134732671,1,1,2,1,0,1
3134733910,3,3,6,1,3,4
3134738309,1,1,2,2,3,5
3134783539,1,6,7,2,1,3
3134796755,6,7,13,4,4,8
3134797658,2,6,8,1,0,1
3134798463,1,2,3,1,0,1
3134812624,19,19,38,7,25,32
3134836043,3,3,6,10,7,17
3134843484,1,1,2,1,1,2
3134883554,1,1,2,1,1,2
3134892391,3,3,6,6,3,9
3134901340,1,1,2,1,1,2
3134901959,1,1,2,1,1,2
3134908383,1,1,2,1,0,1
3134921361,1,0,1,5,4,9
3134925346,1,0,1,2,0,2
3134926821,1,1,2,4,1,5
3134927763,1,1,2,3,1,4
3134937441,3,3,6,1,1,2
3134983232,2,2,4,5,2,7
3134984999,1,0,1,8,9,17
3135029438,1,0,1,1,0,1
3135062402,1,2,3,1,0,1
3135066256,2,2,4,1,2,3
3135078870,2,2,4,3,2,5
3135097733,3,3,6,2,4,6
3135139161,9,11,20,1,0,1
3135226594,2,2,4,1,2,3
3135235211,1,1,2,2,1,3
3135268804,4,6,10,6,3,9
3135303315,7,7,14,5,7,12
3135310934,6,6,12,4,6,10
3135310994,1,0,1,1,0,1
3135316626,7,7,14,4,7,11
3135363020,7,7,14,13,12,25
3135365977,1,0,1,1,0,1
3135419509,1,0,1,1,0,1
3135422206,3,0,3,3,0,3
3135509834,1,0,1,2,0,2
3135524436,1,2,3,1,0,1
3135545761,1,2,3,1,0,1
3135573640,3,3,6,3,2,5
3135614428,3,3,6,1,4,5
3135618364,2,2,4,3,2,5
3135625563,3,3,6,3,4,7
3135633116,1,1,2,3,1,4
3135639537,3,3,6,6,6,12
3135648768,1,1,2,3,1,4
3135761414,1,1,2,1,1,2
3135820944,3,3,6,2,3,5
3135879887,2,2,4,2,2,4
3135896871,5,5,10,5,5,10
3135973351,3,3,6,3,3,6
3135999700,2,2,4,2,2,4
3136010617,2,2,4,3,2,5
3136052318,3,3,6,1,3,4
3136053629,3,3,6,3,3,6
3136055973,5,5,10,3,6,9
3136071798,1,1,2,1,1,2
3136072840,4,4,8,4,4,8
3136072957,3,3,6,3,3,6
3136079263,2,2,4,1,1,2
3136138513,2,3,5,1,0,1
3136153495,7,13,20,6,6,12
3136157204,4,4,8,2,9,11
3136199896,6,6,12,6,6,12
3136225357,2,2,4,3,2,5
3136422007,3,3,6,2,3,5
3136434777,1,1,2,1,1,2
3136504405,2,2,4,2,2,4
3136552805,7,7,14,4,6,10
3136584440,1,1,2,2,1,3
3136585491,1,0,1,1,0,1
3136594828,1,2,3,3,0,3
3136595893,5,2,7,2,3,5
3136624200,19,19,38,3,19,22
3136663819,1,3,4,1,1,2
3136664402,2,1,3,1,1,2
3136800855,4,4,8,3,4,7
3136803201,2,2,4,5,2,7
3136956439,2,2,4,3,2,5
3137008105,4,4,8,3,4,7
3137040453,25,25,50,5,24,29
3137057779,19,19,38,10,25,35
3137135268,2,2,4,3,2,5
3137216429,1,1,2,2,3,5
3137231921,7,7,14,8,8,16
3137303163,3,3,6,7,3,10
3137336775,1,0,1,1,0,1
3137357593,1,0,1,1,0,1
3137359846,1,0,1,1,0,1
3137368004,1,0,1,2,0,2
3137373607,4,3,7,9,3,12
3137399496,9,9,18,9,11,20
3137417745,2,2,4,2,2,4
3137419128,4,4,8,2,2,4
3137452003,1,2,3,3,0,3
3137475547,1,1,2,4,2,6
3137476834,11,12,23,8,10,18
3137481698,3,4,7,2,2,4
3137551126,1,1,2,1,1,2
3137650244,2,4,6,1,1,2
3137658330,4,4,8,5,4,9
3137744193,2,2,4,4,2,6
3137753437,20,36,56,6,6,12
3137763172,19,19,38,7,20,27
3137766470,2,2,4,2,2,4
3137778879,2,2,4,1,1,2
3137781396,2,2,4,1,1,2
3137837590,1,1,2,1,0,1
3137883224,1,1,2,1,0,1
3137892942,7,7,14,7,8,15
3137952640,2,1,3,1,1,2
3138001105,1,1,2,2,1,3
3138014057,1,1,2,2,1,3
3138043720,7,7,14,4,7,11
3138045580,5,5,10,1,5,6
3138073133,6,6,12,9,9,18
3138102792,4,4,8,9,9,18
3138117853,1,1,2,1,0,1
3138136734,1,2,3,1,0,1
3138139262,3,4,7,2,2,4
3138144983,4,6,10,3,3,6
3138156758,2,2,4,2,2,4
3138179906,3,3,6,1,3,4
3138221452,11,11,22,4,11,15
3138256165,9,5,14,6,8,14
3138279170,14,14,28,3,14,17
3138295848,15,15,30,11,15,26
3138341820,1,1,2,1,4,5
3138347469,3,3,6,2,3,5
3138347569,2,2,4,3,2,5
3138347619,1,1,2,2,1,3
3138347703,6,6,12,2,6,8
3138347788,3,3,6,2,3,5
3138414058,6,6,12,8,6,14
3138439127,14,14,28,16,15,31
3138461858,3,6,9,2,2,4
3138540332,1,0,1,6,5,11
3138549340,1,1,2,1,1,2
3138550449,21,21,42,5,21,26
3138552824,4,4,8,5,5,10
3138560582,2,2,4,3,2,5
3138609105,4,4,8,7,5,12
3138758770,3,3,6,2,3,5
3138783183,4,1,5,1,0,1
3138816268,3,3,6,1,3,4
3138822925,2,2,4,2,6,8
3138930452,5,5,10,1,5,6
3138946629,1,0,1,1,1,2
3138991909,2,2,4,3,3,6
3138995292,2,2,4,3,2,5
3139032599,3,2,5,1,1,2
3139055438,16,16,32,3,14,17
3139204355,2,2,4,3,2,5
3139205892,1,0,1,3,1,4
3139241740,5,5,10,6,5,11
3139251918,2,1,3,1,1,2
3139271869,1,1,2,1,0,1
3139315341,8,27,35,6,3,9
3139316930,1,1,2,4,2,6
3139359977,6,6,12,7,5,12
3139421127,3,1,4,1,0,1
3139529517,1,5,6,2,1,3
3139542790,2,2,4,4,3,7
3139579722,1,2,3,3,0,3
3139621685,1,1,2,1,1,2
3139720497,1,0,1,3,0,3
3139798801,6,10,16,1,1,2
3139809046,1,1,2,1,0,1
3139842452,1,2,3,2,2,4
3139945869,1,0,1,1,0,1
3139980757,2,2,4,4,3,7
3140019527,1,1,2,4,1,5
3140117936,3,0,3,1,0,1
3140129160,3,3,6,7,11,18
3140197210,1,1,2,1,0,1
3140233490,7,10,17,1,1,2
3140275808,2,2,4,1,2,3
3140293311,1,2,3,1,0,1
3140315235,2,2,4,2,2,4
3140333312,2,2,4,5,4,9
3140483943,1,1,2,5,3,8
3140598038,1,1,2,1,0,1
3140613045,1,1,2,7,7,14
3140666398,9,9,18,11,9,20
3140741439,3,2,5,3,2,5
3140784075,15,15,30,3,15,18
3140788127,1,1,2,1,1,2
3140812106,1,0,1,4,0,4
3140865767,1,4,5,1,1,2
3140867938,1,1,2,1,1,2
3140903716,1,0,1,1,0,1
3140941069,2,2,4,2,1,3
3140969261,1,1,2,1,1,2
3141019816,3,3,6,2,2,4
3141113030,2,2,4,1,1,2
3141161571,5,5,10,5,5,10
3141242808,1,0,1,2,0,2
3141287736,1,0,1,2,0,2
3141362970,2,1,3,2,0,2
3141381557,3,4,7,1,2,3
3141425271,2,4,6,1,0,1
3141453487,2,2,4,3,2,5
3141472779,4,4,8,5,4,9
3141475713,1,0,1,1,0,1
3141524634,3,0,3,1,0,1
3141525470,1,1,2,2,0,2
3141536374,1,1,2,2,4,6
3141571114,4,4,8,3,4,7
3141624826,1,0,1,2,0,2
3141658414,1,1,2,1,1,2
3141665913,2,2,4,2,2,4
3141697967,2,0,2,1,0,1
3141712773,2,2,4,1,2,3
3141717597,2,0,2,1,0,1
3141731129,1,1,2,1,1,2
3141745523,2,2,4,2,2,4
3141766775,1,1,2,1,0,1
3141830770,3,2,5,2,2,4
3141833740,2,2,4,2,2,4
3141839638,1,1,2,2,1,3
3141855306,2,2,4,5,2,7
3141886131,10,10,20,6,10,16
3141889094,5,5,10,8,7,15
3141894678,1,1,2,2,1,3
3141925686,1,0,1,5,5,10
3141939979,6,6,12,1,6,7
3141942329,1,1,2,6,4,10
3141955824,1,1,2,1,1,2
3141983017,2,2,4,1,1,2
3141997790,7,7,14,6,8,14
3142020307,4,3,7,3,3,6
3142022805,8,10,18,6,6,12
3142026843,1,1,2,2,1,3
3142045378,2,2,4,5,2,7
3142072707,1,1,2,1,1,2
3142128744,1,0,1,1,0,1
3142163969,2,2,4,5,2,7
3142196122,1,0,1,4,0,4
3142283164,10,10,20,2,10,12
3142322525,2,2,4,2,2,4
3142406530,4,0,4,1,4,5
3142432641,1,0,1,1,0,1
3142439126,1,1,2,1,0,1
3142449171,1,0,1,1,0,1
3142460591,1,2,3,1,0,1
3142474895,2,0,2,1,0,1
3142487047,3,3,6,2,3,5
3142530498,1,0,1,1,0,1
3142539176,1,1,2,1,1,2
3142541504,1,0,1,1,0,1
3142672782,3,3,6,4,3,7
3142703706,1,3,4,3,3,6
3142718447,8,8,16,3,7,10
3142737206,12,9,21,8,8,16
3142738839,1,1,2,2,1,3
3142793429,2,2,4,1,0,1
3142842662,2,2,4,4,2,6
3142876413,4,4,8,5,4,9
3142906741,1,1,2,2,1,3
3142914272,1,1,2,6,6,12
3142965328,9,9,18,8,18,26
3142970295,1,1,2,1,0,1
3143018649,1,0,1,1,0,1
3143070879,1,1,2,2,1,3
3143090178,1,1,2,1,0,1
3143140961,1,0,1,1,0,1
3143197937,1,2,3,1,0,1
3143225191,5,5,10,14,18,32
3143259635,1,1,2,1,1,2
3143294783,1,0,1,2,0,2
3143303411,1,0,1,1,0,1
3143350040,1,1,2,4,1,5
3143392031,2,2,4,2,2,4
3143462161,5,5,10,9,7,16
3143479264,1,1,2,1,1,2
3143484979,1,0,1,2,0,2
3143508366,15,15,30,3,16,19
3143511859,1,1,2,1,0,1
3143682198,2,2,4,2,2,4
3143689167,4,4,8,3,4,7
3143739668,1,11,12,2,2,4
3143751632,4,0,4,1,0,1
3143758141,4,8,12,12,13,25
3143766645,2,2,4,2,2,4
3143804499,1,1,2,1,1,2
3143805151,24,24,48,6,30,36
3143830852,6,6,12,3,6,9
3143833258,2,2,4,3,2,5
3143833816,5,5,10,6,5,11
3143857170,5,5,10,4,3,7
3143870134,3,3,6,4,3,7
3143891800,2,2,4,2,2,4
3143923654,9,15,24,4,4,8
3143925201,1,1,2,6,4,10
3143963304,7,7,14,2,7,9
3143985714,1,0,1,2,0,2
3143986029,3,3,6,3,3,6
3143988669,1,1,2,3,1,4
3143993025,9,8,17,3,3,6
3144002766,8,15,23,1,1,2
3144026446,1,1,2,6,10,16
3144047608,1,0,1,1,0,1
3144056030,1,0,1,2,0,2
3144059074,1,0,1,1,0,1
3144061148,2,0,2,2,0,2
3144072008,1,1,2,1,1,2
3144094530,3,3,6,4,3,7
3144109663,1,1,2,2,1,3
3144119383,7,7,14,13,7,20
3144121380,4,4,8,5,4,9
3144128577,2,2,4,3,1,4
3144147475,1,0,1,1,0,1
3144194333,1,0,1,1,0,1
3144203864,1,1,2,1,1,2
3144216960,9,9,18,13,7,20
3144228582,1,1,2,1,0,1
3144263063,1,1,2,1,1,2
3144299892,3,3,6,12,6,18
3144305575,1,0,1,3,1,4
3144308762,9,15,24,6,4,10
3144349394,1,1,2,1,1,2
3144351823,16,16,32,10,16,26
3144364687,2,2,4,2,2,4
3144369936,1,1,2,3,1,4
3144389358,1,1,2,1,0,1
3144403738,2,3,5,1,1,2
3144406927,2,2,4,2,2,4
3144412769,1,1,2,3,1,4
3144419667,1,0,1,2,1,3
3144470664,2,0,2,2,0,2
3144497319,4,4,8,3,4,7
3144505009,2,2,4,1,2,3
3144511697,9,9,18,5,9,14
3144524496,1,1,2,1,1,2
3144563761,2,2,4,3,2,5
3144647331,1,0,1,2,0,2
3144648280,4,3,7,15,9,24
3144671213,22,22,44,8,25,33
3144671316,1,1,2,1,1,2
3144673173,1,1,2,1,1,2
3144690292,7,7,14,3,7,10
3144696370,8,8,16,3,8,11
3144697763,1,1,2,1,1,2
3144779778,1,1,2,1,1,2
3144812415,1,1,2,1,0,1
3144878819,1,0,1,2,0,2
3144922601,1,0,1,2,0,2
3144924936,2,3,5,2,1,3
3145022072,2,2,4,2,2,4
3145075016,1,0,1,3,0,3
3145099456,5,6,11,3,3,6
3145105293,1,1,2,2,1,3
3145122642,9,14,23,5,6,11
3145205207,13,13,26,17,17,34
3145247548,1,1,2,2,1,3
3145277613,1,0,1,1,0,1
3145279298,1,1,2,1,0,1
3145297577,2,1,3,1,0,1
3145303238,5,5,10,4,5,9
3145303908,3,3,6,2,3,5
3145315935,1,0,1,7,3,10
3145327707,13,16,29,4,11,15
3145334318,13,16,29,1,1,2
3145338442,1,0,1,1,0,1
3145340018,1,5,6,1,0,1
3145357900,1,2,3,1,0,1
3145358103,5,5,10,6,6,12
3145359561,1,1,2,2,1,3
3145361650,1,3,4,1,0,1
3145372553,4,4,8,4,4,8
3145373517,1,1,2,5,3,8
3145381267,10,5,15,1,1,2
3145428438,5,5,10,5,5,10
3145437665,2,2,4,3,2,5
3145454080,4,3,7,4,4,8
3145493398,3,5,8,1,1,2
3145578696,1,1,2,1,1,2
3145625420,17,17,34,13,22,35
3145676814,1,1,2,1,1,2
3145680961,1,1,2,1,1,2
3145742441,1,1,2,2,1,3
3145772200,1,2,3,1,0,1
3145924487,1,1,2,3,2,5
3145969850,1,2,3,1,1,2
3145980068,2,2,4,2,2,4
3146017507,2,4,6,1,0,1
3146058755,1,0,1,1,0,1
3146108296,1,2,3,1,0,1
3146184866,6,6,12,4,6,10
3146229013,3,5,8,2,2,4
3146302350,2,2,4,4,2,6
3146305288,1,1,2,5,4,9
3146310469,1,1,2,4,1,5
3146311447,1,1,2,2,1,3
3146311476,1,3,4,1,1,2
3146312107,2,2,4,2,2,4
3146314454,1,1,2,1,1,2
3146314903,5,4,9,2,4,6
3146326809,1,1,2,3,1,4
3146329354,1,1,2,1,1,2
3146332801,2,2,4,2,2,4
3146340298,2,3,5,2,0,2
3146357376,1,0,1,1,0,1
3146375032,3,16,19,1,1,2
3146375252,1,0,1,1,0,1
3146380595,13,13,26,4,13,17
3146392650,1,1,2,1,1,2
3146398494,2,2,4,2,2,4
3146417702,1,0,1,1,0,1
3146463239,2,2,4,2,2,4
3146510544,1,0,1,2,0,2
3146567343,1,2,3,3,2,5
3146628705,2,1,3,1,1,2
3146652849,1,3,4,1,0,1
3146664610,5,5,10,3,6,9
3146664758,6,6,12,4,6,10
3146683371,6,6,12,2,6,8
3146702963,1,0,1,1,0,1
3146710765,2,2,4,3,2,5
3146822922,1,2,3,1,0,1
3146824929,3,3,6,1,3,4
3146835859,1,4,5,1,0,1
3146864073,1,3,4,1,0,1
3146875063,6,6,12,3,6,9
3146906659,3,3,6,2,3,5
3146915160,2,2,4,2,2,4
3146916062,7,7,14,1,8,9
3146955761,1,1,2,1,1,2
3146989891,1,1,2,1,0,1
3146999472,1,5,6,1,0,1
3147018795,1,0,1,1,0,1
3147031433,1,1,2,1,1,2
3147033060,4,3,7,1,0,1
3147059870,1,4,5,1,0,1
3147075784,6,1,7,1,0,1
3147141803,3,3,6,2,3,5
3147153408,1,0,1,2,2,4
3147173297,5,6,11,1,1,2
3147205676,9,9,18,6,8,14
3147251125,10,9,19,1,1,2
3147266863,3,3,6,2,3,5
3147268350,2,2,4,2,2,4
3147298418,1,0,1,1,0,1
3147299067,2,1,3,1,0,1
3147311830,3,3,6,5,4,9
3147330322,2,4,6,2,0,2
3147355621,1,1,2,1,0,1
3147372193,1,1,2,1,1,2
3147398035,2,2,4,1,1,2
3147421099,1,3,4,3,3,6
3147422906,1,1,2,1,0,1
3147424531,3,4,7,2,2,4
3147449966,1,1,2,9,1,10
3147467025,1,0,1,1,0,1
3147467982,1,0,1,1,0,1
3147492992,2,2,4,3,0,3
3147497821,2,2,4,2,2,4
3147501179,2,2,4,2,2,4
3147583594,21,21,42,9,21,30
3147585681,2,2,4,2,2,4
3147625902,4,3,7,1,1,2
3147653147,2,2,4,1,1,2
3147674486,3,3,6,1,3,4
3147680886,1,0,1,1,0,1
3147737535,1,2,3,1,0,1
3147808618,1,2,3,1,0,1
3147829624,2,1,3,2,1,3
3147853075,2,2,4,2,2,4
3147870535,2,3,5,5,1,6
3147892999,1,1,2,2,0,2
3147899538,5,5,10,2,5,7
3147938683,20,20,40,5,20,25
3147974296,2,1,3,1,0,1
3148005476,1,1,2,2,2,4
3148005981,8,8,16,2,8,10
3148006650,13,13,26,8,13,21
3148011772,1,0,1,2,2,4
3148015575,1,1,2,1,0,1
3148022101,1,1,2,3,1,4
3148026164,2,2,4,2,2,4
3148037895,9,12,21,6,6,12
3148060416,1,1,2,2,1,3
3148070473,1,4,5,1,0,1
3148076070,7,6,13,2,6,8
3148164770,1,4,5,1,1,2
3148204191,2,2,4,3,2,5
3148248930,4,4,8,4,4,8
3148259577,1,2,3,1,0,1
3148261332,1,0,1,1,0,1
3148267777,12,12,24,16,14,30
3148283535,3,2,5,1,0,1
3148288584,5,5,10,4,5,9
3148378346,3,3,6,6,4,10
3148402460,4,4,8,8,4,12
3148428612,1,4,5,1,1,2
3148431647,1,1,2,3,1,4
3148443667,1,1,2,1,1,2
3148485052,1,1,2,1,1,2
3148528494,1,1,2,2,1,3
3148541379,1,1,2,3,2,5
3148653721,11,11,22,19,19,38
3148655251,2,1,3,2,1,3
3148680891,8,8,16,2,9,11
3148681014,8,7,15,8,8,16
3148704338,7,7,14,8,9,17
3148761675,1,1,2,5,1,6
3148894928,1,0,1,2,0,2
3148932692,10,16,26,20,34,54
3149279078,1,1,2,1,1,2
3149357277,2,2,4,2,0,2
3149390180,2,1,3,1,1,2
3149398936,1,3,4,1,0,1
3149463466,1,0,1,1,0,1
3149554338,1,1,2,3,1,4
3149555458,1,1,2,1,1,2
3149595482,1,1,2,1,0,1
3149601739,10,10,20,7,11,18
3149637362,9,9,18,8,9,17
3149672576,1,1,2,2,1,3
3149992013,1,0,1,1,0,1
3150091151,4,4,8,7,4,11
3150118919,2,1,3,2,0,2
3150143633,2,2,4,2,2,4
3150156807,1,1,2,4,1,5
3150176545,1,0,1,1,0,1
3150188181,1,1,2,7,1,8
3150205159,3,0,3,1,0,1
3150267178,2,1,3,1,0,1
3150280008,1,2,3,2,0,2
3150308550,1,3,4,2,2,4
3150327302,11,11,22,10,12,22
3150387821,1,1,2,3,0,3
3150464510,1,1,2,3,6,9
3150505867,7,12,19,2,2,4
3150510293,6,0,6,8,6,14
3150543530,4,8,12,3,3,6
3150611596,1,0,1,1,0,1
3150621549,1,0,1,2,2,4
3150623138,1,1,2,3,4,7
3150627733,10,43,53,1,1,2
3150644025,2,2,4,3,2,5
3150662401,7,0,7,9,9,18
3150664490,2,2,4,1,2,3
3150664814,1,1,2,1,1,2
3150665460,1,1,2,1,1,2
3150669699,2,2,4,2,2,4
3150731723,4,4,8,5,4,9
3150780897,1,1,2,1,1,2
3150813782,6,6,12,2,6,8
3150833611,22,22,44,8,23,31
3150960964,2,2,4,3,2,5
3150971698,4,4,8,26,24,50
3150979393,3,3,6,3,3,6
3151015743,1,0,1,1,0,1
3151018058,1,1,2,2,1,3
3151033107,1,0,1,1,0,1
3151050095,1,0,1,1,0,1
3151069958,1,0,1,1,0,1
3151081778,7,9,16,1,0,1
3151098765,1,0,1,1,0,1
3151118375,2,3,5,1,1,2
3151149862,16,16,32,3,16,19
3151157926,1,0,1,1,0,1
3151211971,2,2,4,7,3,10
3151219647,6,6,12,7,7,14
3151237217,4,4,8,10,4,14
3151251993,1,0,1,3,3,6
3151383257,14,17,31,1,1,2
3151403816,1,0,1,2,0,2
3151417796,1,0,1,1,0,1
3151417956,1,1,2,5,3,8
3151439481,2,3,5,1,1,2
3151440535,4,3,7,1,3,4
3151441417,1,2,3,1,0,1
3151442450,1,0,1,1,0,1
3151481429,1,1,2,2,1,3
3151516898,1,0,1,2,0,2
3151530943,14,21,35,2,2,4
3151561424,6,6,12,4,6,10
3151566859,23,23,46,7,28,35
3151572055,2,2,4,3,2,5
3151589795,14,35,49,7,7,14
3151623064,3,6,9,3,4,7
3151658533,1,1,2,3,1,4
3151669098,3,2,5,2,2,4
3151679621,1,1,2,2,0,2
3151707103,2,1,3,1,2,3
3151753047,11,11,22,19,11,30
3151766741,2,2,4,5,2,7
3151771870,5,5,10,4,6,10
3151828698,3,2,5,1,0,1
3151842814,13,29,42,2,2,4
3151847439,2,2,4,2,2,4
3151852833,1,1,2,2,2,4
3151871027,11,10,21,2,9,11
3151882306,5,5,10,8,5,13
3151885222,1,1,2,1,1,2
3151891881,27,27,54,3,29,32
3151946493,5,5,10,2,6,8
3151984235,3,3,6,2,3,5
3152023271,1,1,2,1,0,1
3152053456,3,3,6,2,1,3
3152062092,1,1,2,3,1,4
3152076563,6,6,12,7,8,15
3152082315,1,1,2,1,1,2
3152098418,2,2,4,4,3,7
3152103822,2,2,4,3,2,5
3152110655,4,4,8,6,5,11
3152160173,7,9,16,1,6,7
3152162381,5,6,11,2,4,6
3152174737,10,10,20,3,10,13
3152175531,1,1,2,1,1,2
3152204386,1,1,2,1,0,1
3152206037,3,3,6,3,3,6
3152343077,1,1,2,1,1,2
3152405025,4,4,8,7,4,11
3152485982,13,13,26,17,17,34
3152580100,1,3,4,1,0,1
3152602811,5,5,10,7,5,12
3152668649,9,9,18,6,10,16
3152691088,1,1,2,1,1,2
3152772529,9,19,28,2,2,4
3152775367,8,8,16,8,8,16
3152818811,1,0,1,1,0,1
3152826872,1,0,1,1,0,1
3152880462,1,1,2,9,8,17
3152899410,1,1,2,1,0,1
3153069820,4,3,7,5,4,9
3153161550,3,4,7,1,0,1
3153190958,1,3,4,2,0,2
3153192988,1,0,1,2,2,4
3153282887,19,19,38,9,19,28
3153308695,1,7,8,3,2,5
3153342210,3,3,6,3,3,6
3153387370,1,6,7,1,0,1
3153438303,3,3,6,2,3,5
3153461135,2,2,4,1,2,3
3153468780,6,6,12,5,6,11
3153470546,3,3,6,3,3,6
3153477884,1,1,2,2,1,3
3153484500,4,9,13,2,0,2
3153485040,1,1,2,2,1,3
3153559148,3,3,6,1,1,2
3153610172,3,3,6,6,3,9
3153623808,1,2,3,1,0,1
3153641562,15,15,30,5,16,21
3153658725,5,5,10,5,5,10
3153690179,1,2,3,4,1,5
3153698253,1,2,3,5,2,7
3153715587,10,10,20,7,9,16
3153716281,2,2,4,1,2,3
3153718796,4,4,8,5,4,9
3153722030,2,0,2,1,0,1
3153725509,1,1,2,2,1,3
3153759896,1,1,2,6,3,9
3153767187,1,1,2,4,4,8
3153811253,2,2,4,3,4,7
3153833534,13,12,25,10,12,22
3153886136,10,10,20,2,10,12
3153919398,18,18,36,12,19,31
3153936141,1,1,2,1,1,2
3153963395,1,1,2,1,1,2
3154063777,7,7,14,4,7,11
3154092784,1,1,2,2,1,3
3154106506,1,0,1,1,0,1
3154108031,1,1,2,1,1,2
3154163067,1,0,1,1,0,1
3154171317,1,1,2,1,0,1
3154179065,1,2,3,1,0,1
3154189470,15,22,37,15,13,28
3154195170,1,0,1,2,0,2
3154228296,1,4,5,2,2,4
3154236165,2,1,3,1,1,2
3154258004,1,1,2,2,1,3
3154328620,1,2,3,2,1,3
3154338726,1,1,2,2,1,3
3154381672,1,2,3,1,1,2
3154402100,6,7,13,5,6,11
3154453826,2,2,4,2,2,4
3154471685,1,1,2,1,1,2
3154494868,1,4,5,2,2,4
3154512890,2,2,4,1,2,3
3154565339,1,0,1,1,0,1
3154603634,2,0,2,1,0,1
3154611470,2,3,5,1,1,2
3154630091,1,1,2,4,2,6
3154652967,2,2,4,5,2,7
3154674085,2,3,5,1,0,1
3154689564,1,1,2,2,1,3
3154691886,1,1,2,2,1,3
3154699451,13,13,26,5,15,20
3154730612,25,25,50,5,70,75
3154758729,1,1,2,1,1,2
3154760858,4,4,8,9,7,16
3154793977,1,2,3,1,0,1
3154808808,2,2,4,1,2,3
3154817280,1,1,2,1,1,2
3154845631,7,7,14,2,7,9
3154941972,3,3,6,3,3,6
3154944234,3,3,6,1,2,3
3154952530,1,0,1,2,2,4
3155033567,4,4,8,5,4,9
3155033995,3,5,8,2,2,4
3155034843,2,2,4,4,2,6
3155060428,1,2,3,12,11,23
3155134975,1,0,1,2,0,2
3155196644,3,0,3,1,0,1
3155219814,2,1,3,7,6,13
3155277983,3,2,5,1,0,1
3155326834,4,3,7,1,0,1
3155348439,1,1,2,1,1,2
3155393468,2,2,4,4,2,6
3155418502,8,8,16,8,10,18
3155418896,9,9,18,5,9,14
3155432828,1,1,2,2,1,3
3155436170,3,1,4,6,1,7
3155436943,14,13,27,5,14,19
3155437074,7,6,13,3,6,9
3155437249,6,6,12,5,4,9
3155437354,10,12,22,6,7,13
3155437459,8,7,15,6,6,12
3155437546,8,10,18,8,13,21
3155438360,1,1,2,1,1,2
3155446592,2,2,4,2,2,4
3155479720,1,2,3,2,0,2
3155540821,1,2,3,1,0,1
3155580050,2,2,4,1,2,3
3155635053,7,7,14,3,7,10
3155660858,2,1,3,1,1,2
3155665858,1,1,2,4,3,7
3155670619,4,4,8,1,4,5
3155683517,2,1,3,1,0,1
3155685400,8,8,16,8,8,16
3155745045,3,2,5,3,2,5
3155746456,2,2,4,3,2,5
3155815373,6,6,12,7,9,16
3155887862,2,2,4,1,2,3
3156017147,1,1,2,9,1,10
3156021563,1,2,3,1,1,2
3156023618,1,0,1,2,0,2
3156085708,2,2,4,1,0,1
3156121076,3,7,10,3,2,5
3156128271,11,11,22,5,10,15
3156339807,2,2,4,5,2,7
3156383087,1,0,1,1,0,1
3156403641,1,1,2,2,1,3
3156407505,1,1,2,2,1,3
3156456557,3,3,6,4,3,7
3156499265,1,1,2,1,1,2
3156499919,8,8,16,4,6,10
3156538595,4,3,7,1,1,2
3156676267,1,1,2,3,2,5
3156695913,2,2,4,7,2,9
3156703163,2,1,3,1,1,2
3156843030,1,2,3,1,0,1
3156897567,2,3,5,1,0,1
3156952451,7,7,14,7,7,14
3156963474,8,8,16,9,8,17
3156991280,1,1,2,4,3,7
3157147177,2,2,4,14,2,16
3157328026,1,4,5,1,0,1
3157328051,1,0,1,1,0,1
3157350742,1,0,1,1,0,1
3157447268,1,3,4,1,0,1
3157504530,1,1,2,2,2,4
3157537057,25,25,50,4,25,29
3157537779,7,7,14,6,9,15
3157538304,15,15,30,3,15,18
3157539004,11,11,22,1,11,12
3157539448,20,20,40,10,21,31
3157539817,1,1,2,3,3,6
3157577978,3,3,6,12,6,18
3157580898,1,1,2,2,1,3
3157601632,1,1,2,3,1,4
3157608261,1,4,5,1,0,1
3157704359,1,1,2,3,0,3
3157725393,22,22,44,4,23,27
3157787774,1,2,3,4,2,6
3157816556,2,2,4,2,2,4
3157816773,5,5,10,4,5,9
3157821559,1,1,2,4,1,5
3157938220,1,1,2,3,1,4
3157950872,1,1,2,4,2,6
3157968978,1,1,2,3,1,4
3158023784,1,1,2,2,1,3
3158055411,1,1,2,4,1,5
3158110448,8,8,16,4,8,12
3158136553,2,2,4,1,2,3
3158180481,1,1,2,1,1,2
3158182026,4,4,8,6,4,10
3158208053,1,1,2,1,1,2
3158220791,4,4,8,6,3,9
3158251493,1,1,2,1,1,2
3158256308,1,1,2,2,2,4
3158265409,3,3,6,1,3,4
3158404661,10,32,42,13,13,26
3158465046,3,0,3,1,1,2
3158503107,2,2,4,2,2,4
3158515636,1,1,2,2,1,3
3158525622,27,27,54,3,28,31
3158528135,1,1,2,2,1,3
3158531713,1,1,2,3,2,5
3158546623,15,15,30,3,15,18
3158602889,1,1,2,4,1,5
3158611902,4,4,8,6,5,11
3158646552,1,0,1,1,0,1
3158655778,1,0,1,3,0,3
3158669223,1,1,2,1,0,1
3158673525,1,0,1,1,0,1
3158683531,4,4,8,14,18,32
3158691897,2,2,4,2,2,4
3158693680,2,2,4,2,2,4
3158711523,1,0,1,2,0,2
3158714699,1,1,2,1,1,2
3158727370,5,5,10,1,5,6
3158744474,1,0,1,1,0,1
3158775358,2,0,2,1,0,1
3158795501,2,3,5,1,0,1
3158797870,3,4,7,1,0,1
3158802702,1,1,2,3,2,5
3158805389,1,0,1,2,2,4
3158819982,2,2,4,3,2,5
3158873801,2,2,4,2,2,4
3158917104,2,2,4,3,2,5
3158968364,2,1,3,3,0,3
3158982868,1,1,2,3,1,4
3159002770,1,1,2,3,1,4
3159023948,7,7,14,8,7,15
3159049796,16,35,51,14,14,28
3159106770,7,6,13,3,6,9
3159153388,6,6,12,7,6,13
3159174564,3,3,6,3,3,6
3159178442,3,3,6,1,3,4
3159180164,8,12,20,3,3,6
3159286233,1,1,2,1,0,1
3159305613,4,4,8,1,1,2
3159320019,22,22,44,8,25,33
3159415433,2,8,10,2,2,4
3159464933,2,2,4,3,2,5
3159569703,1,0,1,2,0,2
3159654298,1,2,3,3,2,5
3159695066,1,1,2,1,0,1
3159745301,2,2,4,5,3,8
3159852568,1,0,1,1,0,1
3159898352,5,5,10,8,5,13
3159989352,2,2,4,3,2,5
3160014304,1,1,2,2,1,3
3160016300,1,1,2,1,0,1
3160190001,2,1,3,1,0,1
3160208448,1,1,2,1,0,1
3160282320,1,2,3,1,0,1
3160287486,1,0,1,2,0,2
3160349414,1,1,2,3,1,4
3160353937,2,2,4,4,3,7
3160393175,9,9,18,10,10,20
3160397616,2,2,4,5,3,8
3160478102,1,0,1,1,0,1
3160480873,1,1,2,2,1,3
3160559318,25,147,172,5,5,10
3160581289,1,1,2,1,1,2
3160586854,5,23,28,1,1,2
3160590827,15,30,45,15,15,30
3160608352,1,0,1,2,0,2
3160615563,4,4,8,8,6,14
3160616420,3,3,6,7,3,10
3160668616,1,1,2,2,1,3
3160689578,5,0,5,2,0,2
3160736459,1,4,5,2,0,2
3160752670,22,22,44,6,22,28
3160780889,3,4,7,3,3,6
3160782460,1,0,1,1,0,1
3160782467,1,0,1,1,0,1
3160782473,1,0,1,2,0,2
3160790203,4,4,8,4,4,8
3160818594,2,2,4,2,2,4
3160848695,7,7,14,3,7,10
3160865707,4,4,8,3,4,7
3160869961,23,23,46,5,24,29
3160900932,2,2,4,2,1,3
3160944299,5,5,10,2,5,7
3160949988,3,3,6,3,3,6
3160965048,1,1,2,1,1,2
3160965083,2,5,7,1,0,1
3160970525,2,2,4,2,2,4
3160974189,1,1,2,1,1,2
3160975512,1,0,1,1,1,2
3161001616,2,2,4,4,6,10
3161009617,1,1,2,4,2,6
3161013166,1,1,2,1,1,2
3161048997,1,2,3,1,0,1
3161100040,1,0,1,1,0,1
3161102496,4,4,8,10,4,14
3161110945,2,2,4,1,0,1
3161114956,1,1,2,6,2,8
3161127610,1,1,2,2,2,4
3161132439,1,1,2,1,0,1
3161170414,2,2,4,3,2,5
3161170447,1,0,1,2,0,2
3161207646,3,3,6,2,3,5
3161221260,1,1,2,2,1,3
3161253730,3,3,6,4,3,7
3161258262,1,1,2,1,1,2
3161305439,24,24,48,6,24,30
3161315794,1,2,3,1,1,2
3161317787,4,4,8,8,4,12
3161336885,1,1,2,1,0,1
3161337304,2,0,2,2,1,3
3161341527,1,1,2,6,4,10
3161351456,1,1,2,1,1,2
3161367931,4,4,8,2,4,6
3161385237,2,2,4,2,1,3
3161387601,3,3,6,7,6,13
3161403353,4,4,8,1,4,5
3161407157,2,2,4,3,3,6
3161413967,1,1,2,4,1,5
3161436017,4,3,7,2,0,2
3161437023,1,0,1,1,0,1
3161443375,1,3,4,1,1,2
3161445403,1,2,3,4,0,4
3161467361,1,1,2,1,1,2
3161477489,1,3,4,1,0,1
3161504115,2,2,4,4,2,6
3161527777,16,16,32,5,16,21
3161530831,3,3,6,4,3,7
3161546156,1,1,2,2,1,3
3161551044,1,1,2,2,1,3
3161596711,7,7,14,11,7,18
3161635863,1,0,1,2,0,2
3161638137,7,7,14,18,15,33
3161698590,4,4,8,8,28,36
3161721914,3,3,6,3,3,6
3161777718,3,0,3,1,0,1
3161852850,2,6,8,1,0,1
3161882923,23,23,46,5,22,27
3161883195,1,1,2,5,1,6
3162024332,3,4,7,2,2,4
3162168100,2,2,4,2,2,4
3162223978,2,2,4,3,2,5
3162263131,4,4,8,7,4,11
3162368252,1,1,2,1,0,1
3162480983,11,11,22,9,11,20
3162832110,1,1,2,1,1,2
3162905382,3,3,6,1,3,4
3163014099,12,12,24,2,12,14
3163035169,1,1,2,2,1,3
3163058338,2,2,4,1,1,2
3163074835,1,1,2,1,1,2
3163103609,3,3,6,2,3,5
3163154942,1,0,1,1,0,1
3163185475,1,2,3,3,0,3
3163195598,1,1,2,1,0,1
3163239507,1,1,2,2,1,3
3163243464,2,0,2,1,0,1
3163251453,9,9,18,9,10,19
3163265029,3,3,6,3,3,6
3163358525,7,7,14,8,7,15
3163520332,9,9,18,9,9,18
3163534520,4,4,8,10,4,14
3163545806,2,2,4,1,2,3
3163570249,1,1,2,2,3,5
3163588483,3,5,8,6,5,11
3163646500,1,1,2,1,1,2
3163701771,1,0,1,8,8,16
3163705700,7,7,14,6,7,13
3163726482,3,3,6,3,3,6
3163779556,7,0,7,1,2,3
3163786071,3,3,6,3,3,6
3163821964,1,0,1,2,0,2
3163837639,8,8,16,4,8,12
3163863050,5,5,10,2,5,7
3163863186,1,1,2,1,1,2
3163870590,11,11,22,12,11,23
3163948664,1,0,1,1,0,1
3163977618,2,1,3,2,1,3
3164008599,2,2,4,3,2,5
3164019836,6,6,12,5,6,11
3164040623,1,1,2,1,1,2
3164047878,6,6,12,9,7,16
3164130684,2,2,4,12,3,15
3164190395,4,4,8,3,6,9
3164293040,1,0,1,1,0,1
3164299808,2,2,4,5,2,7
3164339322,1,1,2,1,1,2
3164349433,2,6,8,1,1,2
3164356881,1,1,2,2,1,3
3164419505,1,0,1,4,0,4
3164431473,2,0,2,1,0,1
3164478319,4,4,8,2,2,4
3164536058,1,1,2,3,1,4
3164558345,1,1,2,3,1,4
3164559732,1,0,1,1,1,2
3164561927,7,7,14,6,8,14
3164572018,11,11,22,5,11,16
3164573323,7,7,14,1,1,2
3164601966,1,0,1,1,0,1
3164604869,1,0,1,1,0,1
3164614995,2,2,4,2,2,4
3164627143,10,10,20,4,11,15
3164627288,1,0,1,2,0,2
3164629117,3,0,3,1,0,1
3164740579,1,1,2,1,2,3
3164745651,2,1,3,1,1,2
3164754497,2,7,9,2,1,3
3164754702,2,2,4,3,2,5
3164755100,3,3,6,18,18,36
3164768746,1,1,2,1,1,2
3164805186,2,2,4,4,3,7
3164816199,3,3,6,1,3,4
3164823380,1,1,2,4,1,5
3164858732,1,1,2,2,1,3
3164865469,2,2,4,3,2,5
3164920946,4,2,6,3,3,6
3164921504,2,5,7,3,3,6
3164935344,1,1,2,2,1,3
3164940506,1,2,3,1,0,1
3164948335,5,0,5,3,0,3
3164956012,1,3,4,2,0,2
3164965661,1,0,1,1,0,1
3164975184,5,5,10,3,5,8
3164978081,1,0,1,2,1,3
3164983104,4,4,8,4,4,8
3164987690,2,3,5,1,1,2
3164998459,2,2,4,1,2,3
3165012581,7,7,14,1,7,8
3165048516,2,2,4,1,2,3
3165057948,3,4,7,2,2,4
3165063018,1,0,1,1,0,1
3165091996,3,3,6,1,3,4
3165118030,1,0,1,1,0,1
3165119058,2,2,4,2,2,4
3165121306,1,2,3,1,0,1
3165123371,1,2,3,2,0,2
3165145426,2,1,3,1,1,2
3165160986,1,0,1,1,0,1
3165190672,1,1,2,1,1,2
3165200007,6,7,13,5,5,10
3165202236,1,2,3,1,0,1
3165219682,2,3,5,1,1,2
3165220542,4,7,11,1,1,2
3165222303,2,3,5,1,0,1
3165225343,1,0,1,2,1,3
3165240977,1,0,1,1,0,1
3165275282,2,1,3,1,1,2
3165287586,10,10,20,3,10,13
3165310872,3,3,6,6,11,17
3165314254,1,0,1,8,0,8
3165319909,1,0,1,1,0,1
3165332561,1,4,5,1,0,1
3165351245,3,3,6,7,3,10
3165355322,1,0,1,1,0,1
3165355767,1,0,1,1,0,1
3165361608,1,0,1,1,0,1
3165363367,1,1,2,1,1,2
3165379486,1,2,3,3,2,5
3165382209,1,1,2,2,0,2
3165383460,1,7,8,1,0,1
3165384235,1,0,1,1,0,1
3165386719,1,0,1,1,0,1
3165392986,1,1,2,2,1,3
3165395974,1,0,1,1,0,1
3165411434,1,3,4,2,2,4
3165420001,1,1,2,1,0,1
3165424202,1,1,2,4,1,5
3165459405,1,1,2,1,1,2
3165473902,2,3,5,3,2,5
3165486415,8,8,16,2,12,14
3165491106,1,0,1,1,0,1
3165536599,4,12,16,1,0,1
3165538688,1,1,2,1,1,2
3165558236,4,4,8,4,5,9
3165583826,9,11,20,13,13,26
3165612499,4,0,4,1,0,1
3165614588,1,0,1,1,0,1
3165644521,1,0,1,1,0,1
3165647572,3,3,6,2,3,5
3165650977,1,1,2,3,1,4
3165700997,2,2,4,4,2,6
3165709342,2,3,5,1,1,2
3165736816,3,5,8,6,0,6
3165754050,1,1,2,1,0,1
3165772451,6,6,12,4,6,10
3165778418,1,1,2,4,3,7
3165811186,1,0,1,2,0,2
3165818880,1,1,2,2,1,3
3165822621,4,0,4,1,0,1
3165832536,1,0,1,1,0,1
3165836175,12,12,24,2,12,14
3165846635,1,2,3,1,0,1
3165858715,1,2,3,1,0,1
3165880770,3,3,6,1,1,2
3165881272,9,10,19,3,8,11
3165905060,2,5,7,1,0,1
3165912628,1,0,1,1,0,1
3165971718,1,1,2,1,0,1
3165973774,1,2,3,1,1,2
3166019992,1,1,2,1,1,2
3166026880,4,4,8,5,5,10
3166030819,1,0,1,2,2,4
3166046247,1,2,3,1,1,2
3166053122,3,4,7,4,4,8
3166059118,1,1,2,1,0,1
3166087258,1,2,3,1,0,1
3166098499,1,0,1,2,0,2
3166129176,3,3,6,21,4,25
3166129946,1,1,2,3,2,5
3166132255,15,14,29,14,14,28
3166160211,2,3,5,1,0,1
3166174005,1,1,2,2,1,3
3166187066,2,2,4,2,2,4
3166191382,1,1,2,1,0,1
3166199473,7,7,14,5,7,12
3166207004,1,2,3,1,0,1
3166216082,1,2,3,1,0,1
3166269918,1,1,2,2,2,4
3166274128,1,1,2,1,1,2
3166279802,1,0,1,1,0,1
3166294470,1,0,1,2,0,2
3166349199,1,1,2,2,1,3
3166366433,1,0,1,4,0,4
3166373233,1,1,2,2,1,3
3166456207,1,0,1,1,0,1
3166462574,1,0,1,1,0,1
3166527465,14,14,28,11,12,23
3166564217,1,1,2,2,3,5
3166578976,3,2,5,2,2,4
3166618227,2,2,4,2,2,4
3166683250,1,1,2,2,1,3
3166697455,1,1,2,1,0,1
3166697799,1,0,1,2,0,2
3166846849,4,0,4,1,0,1
3166856597,3,10,13,10,10,20
3166937133,2,2,4,2,2,4
3167002811,3,3,6,1,1,2
3167050797,8,0,8,2,1,3
3167187403,2,0,2,1,0,1
3167223032,2,2,4,3,2,5
3167260487,1,2,3,1,0,1
3167316520,4,0,4,1,0,1
3167395087,1,0,1,1,0,1
3167427372,2,2,4,1,2,3
3167450477,1,1,2,9,10,19
3167462922,1,1,2,3,3,6
3167827984,1,0,1,2,2,4
3167899302,2,2,4,2,2,4
3167983637,17,17,34,5,16,21
3168148765,1,1,2,1,0,1
3168173927,1,1,2,1,1,2
3168195173,1,1,2,1,1,2
3168199187,5,0,5,7,0,7
3168215122,1,1,2,2,1,3
3168217498,1,1,2,1,1,2
3168218411,1,1,2,3,1,4
3168236312,5,5,10,1,5,6
3168331797,1,1,2,1,1,2
3168392719,1,1,2,3,1,4
3168446264,5,8,13,2,2,4
3168487570,3,3,6,5,3,8
3168521538,3,3,6,2,5,7
3168531894,5,5,10,2,28,30
3168545494,1,1,2,2,1,3
3168623396,3,3,6,2,3,5
3168626948,2,2,4,3,3,6
3168646471,1,0,1,1,0,1
3168670762,2,2,4,7,2,9
3168683113,2,2,4,8,3,11
3168695693,3,3,6,2,4,6
3168781431,1,1,2,2,1,3
3168825491,1,1,2,1,0,1
3168838972,2,2,4,2,2,4
3168889284,1,2,3,4,0,4
3168922203,5,5,10,7,6,13
3169010853,3,3,6,4,4,8
3169040362,1,0,1,1,0,1
3169050288,1,0,1,1,0,1
3169054009,1,1,2,1,1,2
3169061902,1,1,2,1,1,2
3169088031,3,3,6,1,1,2
3169097473,1,1,2,4,2,6
3169100701,3,3,6,10,5,15
3169102437,9,9,18,3,14,17
3169187477,1,1,2,1,1,2
3169190086,2,2,4,2,1,3
3169210056,4,4,8,3,4,7
3169212086,2,2,4,5,2,7
3169240263,1,1,2,1,1,2
3169258531,1,0,1,2,0,2
3169323538,3,2,5,4,2,6
3169330818,5,5,10,5,5,10
3169402444,1,3,4,2,1,3
3169429627,4,4,8,8,5,13
3169430672,2,2,4,2,2,4
3169431198,1,1,2,3,1,4
3169431509,6,6,12,6,6,12
3169476829,1,1,2,1,1,2
3169497988,1,1,2,3,1,4
3169504363,2,3,5,2,2,4
3169509660,2,1,3,1,1,2
3169529285,3,3,6,4,3,7
3169577770,1,1,2,5,2,7
3169582347,2,4,6,1,3,4
3169616625,1,1,2,4,1,5
3169643230,2,5,7,5,5,10
3169649243,18,18,36,12,20,32
3169675745,5,0,5,4,2,6
3169706651,3,3,6,2,2,4
3169721663,4,4,8,4,4,8
3169803535,2,1,3,2,1,3
3169803701,2,2,4,1,1,2
3169803882,2,1,3,2,1,3
3169840752,1,3,4,1,0,1
3169930993,2,6,8,1,1,2
3169979138,1,2,3,1,0,1
3169998301,1,4,5,4,4,8
3170054434,15,15,30,15,18,33
3170071914,1,1,2,1,1,2
3170076751,1,1,2,1,1,2
3170083999,1,1,2,1,0,1
3170117110,1,0,1,1,0,1
3170135677,1,1,2,2,1,3
3170197546,1,10,11,1,0,1
3170199750,1,2,3,1,1,2
3170263234,1,0,1,1,0,1
3170267831,1,1,2,1,1,2
3170334698,2,2,4,2,2,4
3170461837,1,0,1,1,0,1
3170532863,1,1,2,2,0,2
3170544938,4,4,8,5,5,10
3170578935,1,4,5,1,1,2
3170595788,1,1,2,1,1,2
3170718881,3,0,3,3,5,8
3170947177,3,3,6,2,3,5
3170970883,1,0,1,2,0,2
3170976562,12,12,24,4,12,16
3170984903,1,12,13,1,0,1
3171094112,2,11,13,7,7,14
3171113463,2,4,6,2,1,3
3171122358,2,2,4,2,2,4
3171158328,9,9,18,3,9,12
3171168159,1,1,2,1,1,2
3171220334,1,1,2,2,1,3
3171286213,1,1,2,2,1,3
3171314067,1,2,3,6,6,12
3171361849,10,10,20,4,10,14
3171373758,13,13,26,9,13,22
3171583880,1,1,2,1,1,2
3171708235,1,1,2,1,0,1
3171715437,1,0,1,10,15,25
3171750360,4,0,4,1,0,1
3171797950,1,2,3,1,0,1
3171832458,3,3,6,3,3,6
3171895542,1,1,2,1,1,2
3171931827,8,0,8,19,17,36
3172004035,3,4,7,1,2,3
3172070799,3,3,6,3,3,6
3172081866,3,3,6,2,2,4
3172171298,1,1,2,1,1,2
3172263561,1,2,3,2,1,3
3172332148,2,2,4,1,2,3
3172345770,1,1,2,1,0,1
3172348515,2,2,4,5,2,7
3172409641,2,2,4,10,5,15
3172482561,3,3,6,4,3,7
3172499114,14,14,28,16,16,32
3172605963,1,1,2,1,2,3
3172607599,1,3,4,1,0,1
3172625104,2,2,4,1,2,3
3172635187,5,5,10,5,5,10
3172637198,1,1,2,3,1,4
3172653799,1,1,2,7,1,8
3172661129,3,3,6,3,3,6
3172748940,1,0,1,2,2,4
3172752603,4,3,7,5,3,8
3172831727,2,2,4,2,2,4
3172843931,1,1,2,1,0,1
3172846336,6,6,12,7,6,13
3172846662,1,2,3,1,1,2
3172849783,1,1,2,5,0,5
3172888944,1,1,2,1,0,1
3172905984,1,3,4,2,1,3
3172929515,1,1,2,2,0,2
3172933734,5,5,10,6,6,12
3172947859,1,1,2,3,2,5
3172981108,2,2,4,4,0,4
3173051661,3,3,6,3,3,6
3173074819,1,1,2,2,1,3
3173180612,7,7,14,7,7,14
3173227548,3,2,5,1,0,1
3173235703,3,4,7,5,3,8
3173242643,10,9,19,12,11,23
3173252523,1,1,2,2,0,2
3173302656,1,2,3,1,0,1
3173367724,1,1,2,4,1,5
3173373782,4,4,8,1,1,2
3173432509,9,9,18,15,13,28
3173480513,1,2,3,1,0,1
3173531582,3,3,6,3,3,6
3173549186,5,14,19,1,1,2
3173553809,4,2,6,1,1,2
3173577877,9,9,18,6,9,15
3173601452,1,0,1,1,0,1
3173650405,4,4,8,2,4,6
3173664115,1,0,1,3,1,4
3173697083,1,2,3,3,0,3
3173864974,5,5,10,8,7,15
3173967198,1,3,4,2,0,2
3173971926,1,0,1,3,2,5
3174013060,1,0,1,1,0,1
3174036103,2,2,4,4,3,7
3174063726,3,4,7,7,5,12
3174068312,1,1,2,1,1,2
3174125763,1,0,1,1,0,1
3174230508,3,3,6,3,3,6
3174268903,6,6,12,3,6,9
3174281934,2,2,4,4,3,7
3174283292,1,0,1,1,0,1
3174295193,4,4,8,1,4,5
3174343539,9,9,18,9,8,17
3174375982,1,1,2,6,4,10
3174378823,4,4,8,9,4,13
3174443476,1,1,2,1,1,2
3174455906,1,0,1,2,3,5
3174512200,8,8,16,10,9,19
3174572670,2,0,2,1,0,1
3174604777,1,1,2,1,1,2
3174651426,3,3,6,4,3,7
3174718645,7,7,14,8,8,16
3174811957,2,0,2,1,0,1
3174846446,7,9,16,3,3,6
3174908574,2,2,4,5,3,8
3174935003,3,3,6,6,3,9
3175036376,4,4,8,5,4,9
3175039398,1,1,2,3,1,4
3175149270,1,0,1,1,0,1
3175157251,1,1,2,2,1,3
3175169812,1,1,2,1,1,2
3175209026,2,0,2,1,1,2
3175224762,1,0,1,1,0,1
3175446717,1,2,3,1,0,1
3175535650,1,1,2,6,1,7
3175570926,3,3,6,1,3,4
3175650316,2,2,4,2,2,4
3175760114,4,4,8,2,4,6
3175813826,1,1,2,1,1,2
3175876769,2,2,4,2,2,4
3175879699,1,0,1,3,0,3
3176054686,1,1,2,9,2,11
3176056478,2,2,4,2,2,4
3176072295,5,5,10,2,5,7
3176112066,2,2,4,5,2,7
3176122613,1,1,2,3,1,4
3176132312,6,6,12,14,11,25
3176200393,1,1,2,3,1,4
3176217773,8,8,16,3,8,11
3176219570,3,0,3,6,13,19
3176234620,1,1,2,1,1,2
3176238755,1,0,1,3,0,3
3176255193,1,0,1,1,0,1
3176298863,1,1,2,4,1,5
3176328446,3,4,7,1,0,1
3176352984,1,1,2,1,1,2
3176382078,1,0,1,2,0,2
3176385565,1,1,2,5,1,6
3176406990,1,1,2,2,0,2
3176410666,5,7,12,3,9,12
3176436231,4,4,8,1,4,5
3176451317,5,5,10,13,12,25
3176490267,8,13,21,3,3,6
3176553087,1,0,1,2,2,4
3176587992,4,3,7,1,1,2
3176641034,8,8,16,3,8,11
3176645907,1,1,2,2,2,4
3176687139,25,25,50,5,25,30
3176719094,1,1,2,2,2,4
3176732963,4,4,8,2,4,6
3176734620,1,0,1,2,1,3
3176823621,5,5,10,3,5,8
3176871828,1,1,2,1,1,2
3176981999,9,9,18,5,9,14
3176996152,1,7,8,11,10,21
3177007568,1,0,1,1,0,1
3177107618,3,3,6,14,11,25
3177155948,8,8,16,10,10,20
3177241157,1,0,1,1,0,1
3177262758,1,1,2,1,1,2
3177387794,5,5,10,2,2,4
3177417172,2,0,2,7,0,7
3177418767,2,5,7,1,0,1
3177431322,1,4,5,1,1,2
3177456650,1,0,1,4,3,7
3177489782,4,8,12,4,4,8
3177512862,1,1,2,1,1,2
3177523815,5,8,13,25,25,50
3177530112,2,13,15,11,11,22
3177543571,2,0,2,1,0,1
3177549523,3,3,6,3,3,6
3177558438,1,0,1,1,0,1
3177591134,1,0,1,1,0,1
3177623179,5,9,14,4,3,7
3177654490,1,0,1,4,2,6
3177701542,2,7,9,6,6,12
3177751705,1,1,2,2,1,3
3177752082,1,0,1,3,0,3
3177817854,1,1,2,1,1,2
3177883970,1,1,2,2,1,3
3177942149,1,1,2,2,1,3
3177999523,22,22,44,4,23,27
3178014328,7,7,14,4,7,11
3178158316,1,0,1,3,8,11
3178187444,1,1,2,3,3,6
3178240499,2,2,4,4,2,6
3178397751,4,4,8,4,4,8
3178423040,1,0,1,2,0,2
3178457875,7,7,14,1,8,9
3178472003,2,2,4,4,2,6
3178479960,1,1,2,2,1,3
3178537735,1,1,2,1,0,1
3178569602,2,3,5,3,3,6
3178581161,1,1,2,1,0,1
3178608788,4,4,8,1,1,2
3178646896,2,4,6,6,2,8
3178728964,2,1,3,1,0,1
3178783907,3,3,6,2,1,3
3178941326,1,0,1,1,0,1
3178941495,3,3,6,1,3,4
3179020763,8,8,16,4,8,12
3179193420,1,1,2,1,1,2
3179218247,6,7,13,2,5,7
3179224550,1,2,3,1,1,2
3179225622,1,1,2,1,1,2
3179231014,2,2,4,2,2,4
3179255811,3,3,6,2,3,5
3179290539,7,7,14,8,8,16
3179314250,1,0,1,1,0,1
3179342558,1,1,2,1,1,2
3179388883,4,4,8,7,5,12
3179433518,1,2,3,1,0,1
3179444231,4,4,8,2,4,6
3179451686,1,1,2,3,2,5
3179452007,1,1,2,2,1,3
3179460425,3,3,6,3,3,6
3179462117,1,1,2,4,1,5
3179467888,2,2,4,5,5,10
3179474415,2,2,4,2,2,4
3179486385,1,1,2,2,1,3
3179515957,16,16,32,14,16,30
3179524342,2,2,4,3,3,6
3179543109,1,1,2,2,1,3
3179580606,1,0,1,1,0,1
3179631902,1,1,2,2,1,3
3179633684,2,1,3,1,1,2
3179680043,1,1,2,3,1,4
3179728319,1,0,1,1,1,2
3179741354,1,1,2,3,1,4
3179766264,1,1,2,4,3,7
3179795816,17,17,34,13,21,34
3179802138,3,3,6,2,3,5
3179814207,2,2,4,1,2,3
3179865924,2,2,4,4,2,6
3179881794,2,2,4,2,2,4
3179900543,1,1,2,1,0,1
3179903390,1,0,1,1,1,2
3179942567,10,10,20,4,11,15
3179952393,1,1,2,1,1,2
3179973928,1,0,1,3,0,3
3179981203,3,3,6,1,3,4
3180027425,1,1,2,2,0,2
3180055871,3,3,6,2,3,5
3180097976,1,0,1,1,0,1
3180112503,3,3,6,4,3,7
3180142640,8,8,16,11,9,20
3180198385,6,6,12,7,7,14
3180295630,5,5,10,6,5,11
3180300594,1,1,2,3,1,4
3180322641,1,1,2,7,0,7
3180347787,1,1,2,3,1,4
3180363547,7,7,14,3,7,10
3180387353,1,1,2,1,0,1
3180400702,1,1,2,2,1,3
3180429834,1,1,2,5,1,6
3180433493,9,9,18,5,9,14
3180434249,1,0,1,1,0,1
3180465771,1,0,1,1,2,3
3180588593,1,1,2,1,0,1
3180594900,6,6,12,5,8,13
3180642799,10,10,20,11,12,23
3180684690,1,1,2,2,1,3
3180708367,5,5,10,3,5,8
3180765473,2,2,4,13,12,25
3180800390,1,0,1,2,0,2
3180817523,2,4,6,1,0,1
3180862670,1,0,1,1,0,1
3180964564,3,3,6,1,3,4
3181043454,1,6,7,1,0,1
3181064535,1,0,1,1,0,1
3181065954,2,0,2,1,0,1
3181087080,1,1,2,2,1,3
3181139066,5,5,10,10,9,19
3181147179,8,8,16,15,15,30
3181209078,8,8,16,2,8,10
3181244595,10,10,20,17,13,30
3181250597,1,1,2,1,1,2
3181286662,1,0,1,2,0,2
3181326491,5,5,10,3,4,7
3181330701,1,0,1,2,0,2
3181377106,1,2,3,2,0,2
3181413457,1,1,2,1,1,2
3181433167,5,5,10,6,5,11
3181479231,1,0,1,1,0,1
3181552643,1,0,1,2,0,2
3181655167,4,4,8,1,4,5
3181700472,1,1,2,1,1,2
3181781508,1,0,1,1,0,1
3181792189,1,1,2,1,0,1
3181796436,1,3,4,1,0,1
3181804523,1,0,1,1,0,1
3181913568,1,1,2,1,0,1
3181973846,3,3,6,2,3,5
3181976568,1,0,1,1,0,1
3181996900,1,1,2,2,1,3
3182022731,1,1,2,1,1,2
3182061205,1,1,2,2,2,4
3182083992,1,1,2,3,1,4
3182107795,1,0,1,1,0,1
3182110051,1,0,1,1,0,1
3182116698,1,0,1,2,0,2
3182150653,1,2,3,3,0,3
3182166458,1,1,2,3,2,5
3182255512,1,0,1,6,0,6
3182289682,8,8,16,2,8,10
3182314836,1,0,1,1,0,1
3182330407,1,0,1,1,0,1
3182338215,5,5,10,5,5,10
3182391759,1,1,2,1,1,2
3182406028,1,1,2,3,2,5
3182466609,1,0,1,1,0,1
3182521702,1,0,1,1,0,1
3182538592,1,0,1,1,0,1
3182539072,3,3,6,5,3,8
3182539590,2,2,4,4,2,6
3182564148,1,1,2,2,1,3
3182619088,1,1,2,1,1,2
3182655218,1,0,1,1,0,1
3182656631,1,0,1,1,0,1
3182685541,1,1,2,1,1,2
3182756774,5,5,10,3,5,8
3182767311,4,4,8,4,3,7
3182840741,1,1,2,1,1,2
3182861824,2,2,4,2,2,4
3182865062,13,13,26,6,13,19
3182915267,2,2,4,8,6,14
3182923570,1,0,1,1,0,1
3182953547,7,7,14,12,8,20
3183051505,15,19,34,15,15,30
3183058903,1,1,2,1,1,2
3183077829,7,7,14,8,7,15
3183129246,2,2,4,8,3,11
3183139313,1,0,1,1,0,1
3183151929,15,27,42,3,3,6
3183155671,1,2,3,1,0,1
3183177290,1,1,2,1,0,1
3183195340,1,0,1,2,0,2
3183267511,14,14,28,3,15,18
3183293281,3,0,3,1,0,1
3183325632,2,2,4,1,2,3
3183341186,5,5,10,2,5,7
3183430843,2,2,4,2,2,4
3183539624,1,0,1,1,0,1
3183580357,1,1,2,1,0,1
3183602661,2,2,4,1,2,3
3183625239,4,4,8,3,4,7
3183651013,12,12,24,9,13,22
3183704276,2,10,12,11,10,21
3183733222,1,0,1,2,0,2
3183737448,1,0,1,3,0,3
3183800381,1,1,2,1,1,2
3183813504,1,1,2,1,1,2
3183821342,13,13,26,4,13,17
3183827952,2,2,4,2,2,4
3183852109,2,2,4,4,3,7
3183855656,1,0,1,1,0,1
3183890015,5,5,10,2,5,7
3183891654,4,4,8,1,4,5
3183920827,2,2,4,1,2,3
3183932739,3,3,6,6,3,9
3183936442,22,22,44,5,23,28
3184024237,1,0,1,2,0,2
3184058983,4,4,8,4,4,8
3184072613,10,28,38,2,2,4
3184074975,2,0,2,1,0,1
3184080215,1,0,1,2,0,2
3184082765,7,10,17,2,2,4
3184091607,1,0,1,1,0,1
3184110162,1,0,1,5,4,9
3184116369,1,0,1,1,0,1
3184126692,2,2,4,2,2,4
3184170024,2,2,4,2,2,4
3184170032,2,2,4,2,2,4
3184181376,5,8,13,7,16,23
3184193943,3,3,6,2,3,5
3184195209,2,2,4,2,3,5
3184216499,5,5,10,5,5,10
3184222126,1,1,2,4,2,6
3184232331,1,0,1,1,0,1
3184251527,1,1,2,3,2,5
3184251889,1,2,3,2,1,3
3184269634,7,7,14,2,7,9
3184319965,7,6,13,1,1,2
3184337854,3,0,3,1,0,1
3184407666,1,0,1,8,7,15
3184434153,1,2,3,1,0,1
3184459423,3,3,6,9,3,12
3184463362,5,5,10,5,5,10
3184470273,1,1,2,1,1,2
3184472229,1,1,2,1,1,2
3184482209,1,1,2,2,1,3
3184490917,1,0,1,1,0,1
3184494361,4,4,8,3,4,7
3184507326,5,6,11,1,1,2
3184512227,1,1,2,1,1,2
3184623533,3,3,6,1,2,3
3184626140,3,3,6,2,3,5
3184646982,1,1,2,6,0,6
3184676450,16,16,32,3,16,19
3184709897,1,0,1,1,0,1
3184724669,22,60,82,8,7,15
3184728585,5,2,7,1,1,2
3184737262,2,10,12,1,0,1
3184753128,15,15,30,3,27,30
3184772608,1,2,3,1,0,1
3184823819,1,1,2,1,1,2
3184886365,5,8,13,6,6,12
3184899448,7,7,14,4,7,11
3184913687,2,2,4,1,3,4
3184932829,9,9,18,5,9,14
3184942886,2,2,4,5,2,7
3184961087,3,3,6,4,3,7
3184979418,12,30,42,4,4,8
3184990351,14,14,28,2,14,16
3185010075,2,2,4,2,2,4
3185018733,6,6,12,3,6,9
3185042538,1,2,3,2,0,2
3185074693,3,3,6,4,3,7
3185089911,9,9,18,21,10,31
3185190199,3,3,6,1,3,4
3185225851,4,0,4,7,0,7
3185241711,1,0,1,1,0,1
3185245811,3,3,6,4,3,7
3185256205,1,1,2,1,1,2
3185266982,1,3,4,1,0,1
3185272057,3,3,6,4,3,7
3185272928,7,8,15,1,1,2
3185310190,1,2,3,1,0,1
3185333353,17,17,34,3,17,20
3185391448,6,7,13,1,1,2
3185422725,1,1,2,1,0,1
3185444492,8,14,22,1,1,2
3185473823,1,2,3,1,0,1
3185509791,1,2,3,1,0,1
3185516514,1,1,2,1,0,1
3185524105,4,4,8,3,4,7
3185527662,1,1,2,1,0,1
3185533915,1,3,4,1,0,1
3185534394,4,4,8,2,4,6
3185555954,1,3,4,1,0,1
3185621109,10,25,35,2,2,4
3185623700,5,5,10,1,1,2
3185635086,10,10,20,2,10,12
3185671400,1,1,2,2,1,3
3185682453,1,1,2,1,1,2
3185723605,5,5,10,9,5,14
3185741034,1,1,2,1,1,2
3185745936,1,3,4,4,0,4
3185746013,13,13,26,5,17,22
3185792728,3,3,6,5,3,8
3185825382,6,6,12,5,6,11
3185863729,2,2,4,4,2,6
3185869379,5,5,10,1,5,6
3185875840,14,14,28,14,15,29
3185876753,4,4,8,2,3,5
3185886614,1,1,2,1,1,2
3185889941,2,2,4,3,2,5
3185985797,4,4,8,12,10,22
3185990415,2,2,4,2,2,4
3186001541,2,2,4,1,1,2
3186011385,1,3,4,5,7,12
3186017411,2,2,4,2,2,4
3186025649,1,1,2,2,1,3
3186050638,1,1,2,2,0,2
3186067038,1,1,2,2,1,3
3186067174,1,0,1,1,0,1
3186067481,1,1,2,3,1,4
3186067834,2,4,6,1,1,2
3186092580,7,7,14,8,8,16
3186104332,1,2,3,1,1,2
3186105695,2,2,4,1,2,3
3186112910,1,0,1,1,0,1
3186119696,3,3,6,2,3,5
3186122804,2,1,3,1,1,2
3186139599,1,3,4,1,0,1
3186151201,4,4,8,5,4,9
3186186007,1,1,2,1,1,2
3186197332,1,0,1,1,0,1
3186218830,1,1,2,14,14,28
3186219361,4,4,8,2,4,6
3186225107,4,5,9,1,1,2
3186238419,2,2,4,3,2,5
3186243173,1,1,2,1,0,1
3186250250,5,11,16,2,2,4
3186250317,7,14,21,2,2,4
3186258053,5,5,10,8,5,13
3186277200,1,1,2,2,1,3
3186281968,23,23,46,7,25,32
3186285854,1,1,2,2,1,3
3186294792,1,1,2,1,0,1
3186299556,1,0,1,1,0,1
3186302086,1,3,4,2,2,4
3186317883,11,0,11,6,0,6
3186335441,1,1,2,1,0,1
3186336546,1,1,2,1,0,1
3186336905,1,1,2,1,0,1
3186393134,1,0,1,1,0,1
3186400170,2,1,3,2,1,3
3186413035,1,0,1,1,0,1
3186413700,1,1,2,1,1,2
3186423392,1,0,1,1,0,1
3186423820,2,2,4,1,1,2
3186447377,2,2,4,3,2,5
3186447691,4,17,21,1,1,2
3186467016,5,6,11,11,13,24
3186492948,1,0,1,1,0,1
3186512157,4,2,6,2,1,3
3186520490,1,1,2,3,2,5
3186522137,2,2,4,1,1,2
3186522163,5,5,10,5,4,9
3186546737,1,0,1,2,0,2
3186550217,2,2,4,5,3,8
3186563101,5,8,13,4,4,8
3186564845,4,4,8,5,6,11
3186594625,5,7,12,1,1,2
3186609240,8,8,16,4,8,12
3186671062,1,0,1,1,0,1
3186684858,1,0,1,1,0,1
3186699140,1,1,2,1,1,2
3186739337,2,2,4,3,2,5
3186775113,3,3,6,3,3,6
3186845643,3,0,3,1,0,1
3186863758,28,30,58,2,27,29
3186874397,1,1,2,1,1,2
3186876097,8,8,16,4,9,13
3186941469,12,12,24,4,13,17
3186943148,4,4,8,3,4,7
3186952577,1,1,2,6,1,7
3186952815,2,2,4,2,2,4
3186964103,4,4,8,2,4,6
3187071314,1,1,2,2,1,3
3187072158,1,1,2,1,1,2
3187163755,1,1,2,2,1,3
3187175394,2,0,2,1,0,1
3187237964,1,1,2,2,1,3
3187291772,5,5,10,1,5,6
3187312401,1,0,1,3,0,3
3187356802,2,2,4,3,3,6
3187389557,2,2,4,1,0,1
3187477285,4,4,8,3,4,7
3187558578,3,3,6,3,4,7
3187631981,5,0,5,3,1,4
3187671935,8,8,16,6,8,14
3187674955,13,13,26,3,13,16
3187696525,1,0,1,4,2,6
3187708760,1,1,2,1,1,2
3187808523,5,5,10,2,5,7
3187810707,11,11,22,9,11,20
3187825427,7,7,14,1,7,8
3187831716,1,1,2,2,2,4
3187866797,1,1,2,4,2,6
3188037199,2,0,2,1,0,1
3188046855,4,4,8,2,4,6
3188065155,4,4,8,4,4,8
3188067749,1,1,2,1,0,1
3188097070,2,1,3,1,0,1
3188113738,1,1,2,2,1,3
3188158123,1,0,1,1,0,1
3188256323,1,1,2,3,1,4
3188300060,1,1,2,1,0,1
3188304952,1,2,3,1,1,2
3188314943,1,0,1,4,0,4
3188335896,1,2,3,1,0,1
3188344586,1,1,2,2,1,3
3188357000,1,0,1,1,0,1
3188357319,1,1,2,1,1,2
3188365002,1,0,1,4,3,7
3188379678,6,6,12,6,5,11
3188386545,2,4,6,1,0,1
3188404423,1,0,1,1,0,1
3188416117,1,1,2,1,1,2
3188495937,1,0,1,1,0,1
3188509442,1,0,1,1,0,1
3188514404,1,3,4,1,0,1
3188516469,1,0,1,1,0,1
3188535011,1,1,2,1,1,2
3188565679,1,22,23,2,1,3
3188616362,1,1,2,1,1,2
3188641922,2,0,2,1,0,1
3188675759,1,0,1,2,0,2
3188677921,1,1,2,2,2,4
3188688576,3,0,3,1,0,1
3188730677,2,2,4,2,2,4
3188766206,1,1,2,2,5,7
3188772752,2,2,4,6,2,8
3188779639,4,4,8,8,4,12
3188821350,6,6,12,1,6,7
3188846360,23,23,46,7,26,33
3188858770,1,5,6,2,0,2
3188865855,1,3,4,1,0,1
3188919511,3,2,5,1,0,1
3188952075,2,2,4,1,2,3
3188953221,1,1,2,2,1,3
3188975945,2,2,4,5,2,7
3189021561,1,4,5,1,0,1
3189049757,1,0,1,1,1,2
3189053950,1,0,1,1,0,1
3189091502,8,8,16,4,8,12
3189101474,1,1,2,1,1,2
3189124542,1,1,2,1,1,2
3189284286,1,0,1,1,0,1
3189297953,1,1,2,4,1,5
3189302014,1,1,2,4,1,5
3189318032,2,3,5,1,0,1
3189321864,2,2,4,3,3,6
3189347022,4,4,8,9,6,15
3189376999,4,5,9,5,4,9
3189440756,2,2,4,1,0,1
3189441082,3,3,6,1,3,4
3189507528,8,30,38,1,1,2
3189533856,4,4,8,4,4,8
3189542023,5,5,10,3,5,8
3189556166,1,4,5,1,0,1
3189557428,1,2,3,1,0,1
3189557442,1,2,3,1,0,1
3189562608,1,1,2,2,1,3
3189570878,13,12,25,15,14,29
3189617951,3,3,6,6,3,9
3189637804,1,1,2,2,1,3
3189651457,13,13,26,6,14,20
3189653858,3,3,6,3,3,6
3189655125,1,1,2,3,1,4
3189657312,2,2,4,6,2,8
3189660169,3,3,6,2,3,5
3189699378,2,3,5,1,0,1
3189719663,1,0,1,1,7,8
3189752685,1,1,2,1,2,3
3189765757,1,1,2,2,1,3
3189781191,2,2,4,5,2,7
3189842687,2,2,4,3,2,5
3189845958,2,2,4,2,2,4
3189869369,2,0,2,1,0,1
3189876998,1,1,2,8,1,9
3189891999,16,16,32,14,19,33
3189898546,1,1,2,6,2,8
3189906772,1,1,2,2,1,3
3189912573,1,1,2,1,1,2
3189930955,2,2,4,1,2,3
3189931022,6,6,12,3,5,8
3189935263,1,0,1,1,0,1
3189966102,4,4,8,9,4,13
3189972179,12,12,24,17,14,31
3190006754,4,23,27,2,1,3
3190036646,1,1,2,3,2,5
3190037359,1,1,2,2,1,3
3190038028,1,1,2,2,1,3
3190038120,1,1,2,3,1,4
3190038677,3,3,6,3,3,6
3190038822,2,2,4,3,2,5
3190090459,12,12,24,7,12,19
3190101879,9,9,18,1,9,10
3190110310,3,3,6,4,4,8
3190110414,2,2,4,2,2,4
3190111078,1,1,2,2,1,3
3190111309,2,2,4,2,2,4
3190111818,1,1,2,2,1,3
3190112680,5,6,11,1,1,2
3190116387,3,3,6,1,1,2
3190119327,4,4,8,3,4,7
3190122937,1,0,1,1,2,3
3190209753,4,4,8,4,4,8
3190223487,4,4,8,1,4,5
3190225931,1,1,2,2,1,3
3190238099,2,2,4,3,2,5
3190248750,6,6,12,9,6,15
3190266956,1,1,2,2,1,3
3190280212,2,2,4,2,2,4
3190291382,1,1,2,3,1,4
3190294370,1,0,1,1,0,1
3190325000,1,1,2,2,2,4
3190327890,2,2,4,3,2,5
3190337181,2,4,6,1,1,2
3190390949,1,1,2,1,0,1
3190392108,2,2,4,4,2,6
3190394555,1,2,3,2,1,3
3190394825,1,4,5,2,1,3
3190397174,2,2,4,2,2,4
3190402503,1,2,3,1,0,1
3190424487,11,11,22,7,11,18
3190437936,1,1,2,1,1,2
3190438416,6,6,12,4,6,10
3190467260,25,25,50,5,29,34
3190480044,1,1,2,5,2,7
3190505609,2,3,5,1,1,2
3190507423,1,0,1,1,0,1
3190536492,1,1,2,4,1,5
3190548666,5,5,10,1,6,7
3190552276,3,2,5,1,1,2
3190559369,3,13,16,1,0,1
3190568208,4,4,8,1,3,4
3190608451,3,3,6,4,3,7
3190612638,2,2,4,3,2,5
3190612959,4,4,8,5,4,9
3190616003,1,1,2,1,1,2
3190632487,7,8,15,7,5,12
3190669375,1,0,1,1,0,1
3190687705,2,4,6,1,1,2
3190745726,1,6,7,1,0,1
3190755392,1,1,2,1,1,2
3190826234,1,0,1,1,0,1
3190937712,1,0,1,1,0,1
3191083494,1,1,2,2,1,3
3191100755,2,2,4,2,2,4
3191195141,2,2,4,2,1,3
3191196942,1,0,1,1,0,1
3191221248,1,0,1,4,2,6
3191243041,1,1,2,1,0,1
3191292025,10,10,20,16,12,28
3191298980,6,4,10,4,3,7
3191307637,1,0,1,3,8,11
3191417541,2,3,5,2,0,2
3191417895,1,4,5,1,0,1
3191442401,4,4,8,5,5,10
3191488617,1,1,2,1,0,1
3191504600,6,8,14,8,8,16
3191625887,3,3,6,2,3,5
3191638051,3,3,6,2,3,5
3191668627,3,3,6,2,3,5
3191714662,2,2,4,1,2,3
3191755659,10,10,20,6,11,17
3191789111,1,1,2,10,3,13
3191839195,7,10,17,8,6,14
3191875426,5,5,10,1,5,6
3191899015,2,6,8,2,0,2
3191902804,1,3,4,1,0,1
3191903451,1,0,1,1,0,1
3191921153,1,1,2,1,0,1
3191972423,1,1,2,1,1,2
3192029620,3,3,6,3,1,4
3192132355,3,9,12,1,0,1
3192161213,2,3,5,1,0,1
3192173517,2,2,4,4,4,8
3192284893,1,1,2,1,1,2
3192321146,3,4,7,2,4,6
3192360588,1,1,2,1,1,2
3192393593,1,0,1,1,0,1
3192394441,4,6,10,4,3,7
3192481204,4,4,8,2,4,6
3192582366,1,1,2,2,0,2
3192728541,1,2,3,1,0,1
3192752365,2,2,4,3,2,5
3192760659,1,1,2,2,1,3
3192814745,1,1,2,3,1,4
3192815164,1,1,2,1,0,1
3192830497,1,0,1,2,0,2
3192841223,8,8,16,6,8,14
3192888039,2,2,4,2,2,4
3192891467,8,8,16,2,8,10
3192892401,2,2,4,3,2,5
3192896043,4,4,8,4,4,8
3192939525,1,0,1,1,0,1
3192953681,2,3,5,5,5,10
3193034920,1,1,2,2,3,5
3193050497,1,2,3,1,0,1
3193064059,10,10,20,6,9,15
3193068019,1,1,2,7,4,11
3193093840,3,3,6,2,3,5
3193094223,3,3,6,4,3,7
3193117034,5,5,10,4,5,9
3193162981,1,1,2,2,1,3
3193180571,11,10,21,7,11,18
3193186764,4,4,8,3,4,7
3193198936,5,32,37,1,1,2
3193221916,3,2,5,2,2,4
3193251888,3,8,11,3,3,6
3193262180,1,1,2,2,0,2
3193295105,13,13,26,17,17,34
3193303118,3,3,6,3,3,6
3193344239,3,3,6,3,3,6
3193344742,2,2,4,5,3,8
3193358042,2,2,4,3,2,5
3193365645,1,1,2,2,1,3
3193369023,9,9,18,4,9,13
3193379348,3,3,6,1,3,4
3193420099,3,5,8,1,1,2
3193437263,2,2,4,1,2,3
3193466965,3,3,6,1,0,1
3193516178,1,4,5,1,1,2
3193522191,2,6,8,1,2,3
3193524394,25,25,50,5,25,30
3193533034,6,6,12,10,6,16
3193543801,1,1,2,1,1,2
3193548069,1,2,3,1,0,1
3193562947,1,1,2,2,1,3
3193574084,1,5,6,1,0,1
3193578171,2,8,10,1,1,2
3193579489,3,0,3,1,0,1
3193607009,2,2,4,1,2,3
3193634550,8,8,16,15,10,25
3193648261,4,4,8,3,4,7
3193655809,1,2,3,2,0,2
3193667510,2,4,6,2,1,3
3193689293,8,8,16,4,8,12
3193713791,1,1,2,1,0,1
3193714457,1,0,1,2,1,3
3193719308,8,25,33,1,1,2
3193739949,1,0,1,3,0,3
3193741359,1,0,1,2,0,2
3193744154,1,1,2,1,0,1
3193746300,1,1,2,4,2,6
3193786351,4,2,6,3,0,3
3193804553,1,0,1,1,0,1
3193831732,1,1,2,4,1,5
3193839354,3,2,5,1,0,1
3193870086,1,1,2,2,1,3
3193930601,3,2,5,2,0,2
3194036940,1,1,2,1,1,2
3194055598,1,0,1,1,0,1
3194130560,3,3,6,7,5,12
3194137038,1,1,2,2,1,3
3194139010,5,5,10,2,5,7
3194154473,1,1,2,2,1,3
3194217765,3,3,6,6,3,9
3194220976,2,3,5,1,0,1
3194222633,1,0,1,1,0,1
3194234032,1,1,2,2,1,3
3194234596,3,3,6,3,5,8
3194236413,1,1,2,1,1,2
3194269192,4,4,8,5,4,9
3194289135,3,3,6,4,3,7
3194357835,1,1,2,5,1,6
3194386688,1,1,2,3,2,5
3194387938,3,3,6,4,7,11
3194483657,2,2,4,5,6,11
3194549869,11,11,22,13,11,24
3194550538,3,3,6,1,3,4
3194586294,1,2,3,1,0,1
3194586663,9,9,18,15,11,26
3194590175,1,0,1,1,0,1
3194631752,2,1,3,1,0,1
3194656871,1,1,2,2,2,4
3194696583,1,1,2,1,1,2
3194774181,1,0,1,2,5,7
3194785350,1,3,4,1,0,1
3194803721,2,2,4,7,7,14
3194805300,5,5,10,11,7,18
3194810824,2,4,6,6,4,10
3194832989,1,2,3,3,0,3
3194842443,2,1,3,1,0,1
3194852325,3,3,6,1,0,1
3194895472,1,1,2,12,12,24
3194937776,6,6,12,2,7,9
3194979941,1,1,2,2,0,2
3194998721,3,3,6,8,6,14
3194999524,2,2,4,1,2,3
3195012671,13,13,26,7,13,20
3195079853,1,1,2,1,1,2
3195089027,1,1,2,1,1,2
3195107107,6,6,12,15,6,21
3195124551,1,1,2,1,1,2
3195145062,9,20,29,5,5,10
3195163208,1,0,1,1,0,1
3195173415,2,1,3,1,0,1
3195187523,3,3,6,4,4,8
3195192412,1,0,1,1,0,1
3195196584,1,0,1,1,0,1
3195250694,4,3,7,8,6,14
3195268003,1,1,2,1,1,2
3195272939,2,2,4,1,0,1
3195299341,6,6,12,3,6,9
3195329595,5,5,10,9,39,48
3195340595,2,2,4,2,1,3
3195353073,6,0,6,5,0,5
3195360176,2,2,4,2,3,5
3195365909,2,2,4,4,4,8
3195412243,1,0,1,5,0,5
3195513409,4,0,4,3,2,5
3195524207,6,6,12,3,6,9
3195573803,6,6,12,3,6,9
3195588279,1,3,4,5,1,6
3195588879,1,0,1,1,0,1
3195598738,2,1,3,2,1,3
3195604940,2,3,5,1,0,1
3195632756,1,1,2,5,2,7
3195645830,1,0,1,1,0,1
3195768875,1,1,2,1,0,1
3195788503,4,4,8,5,4,9
3195799192,1,1,2,2,1,3
3195801570,1,3,4,2,0,2
3195804160,1,1,2,1,1,2
3195806979,2,2,4,4,3,7
3195816817,1,1,2,1,1,2
3195835980,1,0,1,1,0,1
3195845425,2,2,4,4,4,8
3195850047,2,2,4,1,2,3
3195859598,1,2,3,1,0,1
3195860666,1,2,3,1,0,1
3195866705,2,3,5,2,1,3
3195876718,3,3,6,5,3,8
3195888405,1,1,2,3,1,4
3195890868,1,0,1,1,0,1
3195944087,1,2,3,1,1,2
3195953065,4,4,8,1,4,5
3195975343,1,3,4,2,0,2
3195989523,1,3,4,8,6,14
3195991171,1,1,2,2,1,3
3196056247,1,1,2,3,1,4
3196086462,1,1,2,3,1,4
3196112911,1,1,2,5,1,6
3196115751,5,5,10,1,5,6
3196128756,5,5,10,3,5,8
3196141112,2,2,4,2,2,4
3196147809,2,2,4,3,2,5
3196171330,1,1,2,3,1,4
3196229928,5,5,10,2,5,7
3196236002,1,1,2,2,1,3
3196277860,6,6,12,5,6,11
3196295632,4,4,8,6,4,10
3196305046,2,2,4,2,2,4
3196305065,16,0,16,8,0,8
3196306093,1,1,2,4,1,5
3196406918,1,1,2,4,1,5
3196412492,1,2,3,3,1,4
3196472484,1,2,3,1,0,1
3196476171,1,0,1,2,0,2
3196479981,7,0,7,3,3,6
3196515965,1,2,3,1,0,1
3196537513,1,1,2,1,1,2
3196547980,5,5,10,11,8,19
3196563534,6,6,12,5,6,11
3196579248,1,2,3,2,1,3
3196609446,1,1,2,1,1,2
3196619353,28,28,56,2,29,31
3196621198,1,1,2,1,1,2
3196712900,2,2,4,3,2,5
3196720393,2,0,2,3,0,3
3196725399,3,0,3,3,0,3
3196765355,1,1,2,1,0,1
3196793854,1,1,2,1,1,2
3196841334,3,3,6,2,3,5
3196863235,4,4,8,4,4,8
3196908881,1,0,1,1,0,1
3196920071,4,7,11,11,7,18
3196932825,6,0,6,1,1,2
3196952174,6,7,13,5,6,11
3196953655,1,1,2,2,0,2
3196955536,1,4,5,2,0,2
3196955896,1,0,1,1,0,1
3196962098,3,3,6,3,3,6
3196973766,1,5,6,1,0,1
3196980025,1,1,2,1,1,2
3196983297,2,0,2,1,0,1
3196983577,1,1,2,1,0,1
3197014348,16,17,33,14,16,30
3197021085,1,4,5,1,0,1
3197023120,7,7,14,23,23,46
3197024353,1,3,4,1,0,1
3197041837,2,3,5,1,1,2
3197093374,1,3,4,1,0,1
3197096545,1,1,2,3,1,4
3197121827,7,0,7,1,0,1
3197130214,1,0,1,1,0,1
3197138491,1,1,2,5,1,6
3197180934,5,5,10,6,5,11
3197181292,1,1,2,1,1,2
3197215395,7,7,14,3,7,10
3197234194,1,2,3,1,0,1
3197279228,5,5,10,2,5,7
3197303532,2,3,5,1,1,2
3197313525,5,5,10,1,5,6
3197324451,6,6,12,8,8,16
3197342232,4,4,8,4,4,8
3197348748,2,0,2,1,0,1
3197350678,1,0,1,1,0,1
3197369469,2,2,4,3,2,5
3197392290,1,1,2,1,0,1
3197529913,13,13,26,6,16,22
3197533418,10,10,20,8,12,20
3197541653,3,8,11,1,1,2
3197545730,1,0,1,1,0,1
3197549155,1,0,1,2,0,2
3197556256,5,5,10,3,5,8
3197623188,1,1,2,1,1,2
3197642454,6,6,12,6,6,12
3197644248,4,4,8,2,4,6
3197658840,2,4,6,1,1,2
3197660340,4,4,8,1,4,5
3197695928,1,4,5,2,2,4
3197701637,1,1,2,1,1,2
3197727956,1,1,2,1,0,1
3197742949,2,2,4,3,2,5
3197755568,3,2,5,5,4,9
3197765608,3,2,5,4,3,7
3197771632,3,3,6,8,3,11
3197782823,2,0,2,1,0,1
3197784633,2,2,4,4,2,6
3197790809,1,1,2,4,1,5
3197819932,1,2,3,1,0,1
3197842009,2,3,5,1,1,2
3197874628,1,4,5,1,0,1
3197892558,1,1,2,4,6,10
3197919632,1,0,1,1,0,1
3197983076,5,5,10,7,7,14
3197983907,5,5,10,5,5,10
3197989666,5,5,10,13,9,22
3197992425,1,1,2,2,1,3
3198006254,1,2,3,1,0,1
3198008776,1,1,2,2,1,3
3198011555,3,5,8,1,0,1
3198035779,1,1,2,2,1,3
3198063528,4,4,8,4,5,9
3198083073,1,1,2,1,1,2
3198119569,1,4,5,1,0,1
3198174054,10,10,20,2,11,13
3198187721,2,2,4,3,2,5
3198203329,2,2,4,9,3,12
3198234153,1,0,1,1,0,1
3198244189,1,1,2,1,1,2
3198305778,2,2,4,5,5,10
3198315304,5,6,11,4,5,9
3198393576,5,5,10,6,5,11
3198407346,6,6,12,6,6,12
3198411778,1,1,2,3,1,4
3198427595,1,1,2,1,0,1
3198427820,1,0,1,1,0,1
3198427958,2,2,4,2,2,4
3198430016,1,2,3,2,2,4
3198460326,1,2,3,1,0,1
3198535132,8,8,16,3,8,11
3198546724,1,0,1,1,0,1
3198591963,1,0,1,1,0,1
3198600374,2,0,2,1,0,1
3198684554,1,0,1,1,0,1
3198697235,1,0,1,1,0,1
3198717887,5,5,10,3,5,8
3198732250,10,9,19,15,14,29
3198742058,1,2,3,1,0,1
3198773156,11,11,22,2,12,14
3198866902,1,1,2,1,0,1
3198898302,1,1,2,1,1,2
3198922993,3,3,6,6,7,13
3198951593,3,3,6,2,3,5
3198958440,2,2,4,6,2,8
3198963962,1,2,3,1,0,1
3198996032,3,3,6,5,3,8
3199000271,1,1,2,4,1,5
3199016547,1,0,1,1,0,1
3199016871,8,8,16,3,8,11
3199041408,1,1,2,2,1,3
3199050485,11,11,22,8,11,19
3199102204,3,3,6,2,4,6
3199110448,1,0,1,1,0,1
3199112507,3,2,5,2,2,4
3199117097,1,0,1,1,0,1
3199132824,1,1,2,2,1,3
3199152578,1,1,2,2,1,3
3199178430,1,3,4,2,0,2
3199194155,2,4,6,1,1,2
3199212278,4,4,8,3,4,7
3199245013,1,1,2,3,2,5
3199245128,1,1,2,4,3,7
3199246505,1,1,2,1,0,1
3199275471,1,1,2,4,1,5
3199276357,4,4,8,4,4,8
3199294664,2,2,4,1,0,1
3199299700,5,5,10,4,5,9
3199300206,2,2,4,1,0,1
3199301415,1,0,1,1,0,1
3199302401,2,2,4,1,0,1
3199307046,1,0,1,1,0,1
3199307752,3,2,5,2,1,3
3199308896,2,1,3,1,0,1
3199311591,1,1,2,1,0,1
3199312011,1,0,1,1,0,1
3199319459,1,3,4,1,0,1
3199332203,2,2,4,3,2,5
3199357004,2,2,4,2,2,4
3199448284,4,4,8,4,4,8
3199452991,2,2,4,2,2,4
3199455819,1,1,2,1,1,2
3199517835,3,3,6,2,2,4
3199540343,1,1,2,1,0,1
3199599733,1,1,2,2,1,3
3199616449,23,0,23,7,0,7
3199694836,1,1,2,1,1,2
3199749783,5,5,10,2,4,6
3199789233,3,3,6,2,3,5
3199790285,6,6,12,4,6,10
3199803301,1,0,1,2,0,2
3199807428,1,0,1,1,1,2
3199808031,7,7,14,3,6,9
3199812992,2,2,4,4,2,6
3199839671,2,2,4,5,2,7
3199845380,3,3,6,2,4,6
3199852478,1,1,2,3,1,4
3199859411,1,1,2,10,12,22
3199863279,1,1,2,4,1,5
3199867865,15,15,30,15,17,32
3199870832,1,1,2,4,3,7
3199881418,10,10,20,11,10,21
3199904124,1,1,2,3,1,4
3199905484,3,3,6,3,3,6
3199906831,5,5,10,3,5,8
3199911823,2,2,4,2,2,4
3199911946,1,0,1,2,0,2
3199948950,2,2,4,3,2,5
3199964804,1,0,1,4,0,4
3199985832,2,11,13,1,0,1
3200014582,1,0,1,1,0,1
3200033873,7,7,14,23,29,52
3200093045,7,7,14,9,7,16
3200128189,2,2,4,3,3,6
3200128291,1,0,1,1,0,1
3200170323,1,1,2,1,0,1
3200180323,11,11,22,9,11,20
3200180758,1,2,3,2,2,4
3200197382,2,12,14,3,0,3
3200213114,1,0,1,1,0,1
3200249083,2,3,5,3,0,3
3200257850,3,3,6,1,3,4
3200295314,3,3,6,2,3,5
3200297530,6,13,19,2,2,4
3200361928,2,2,4,2,0,2
3200393827,1,1,2,1,1,2
3200398251,5,5,10,5,5,10
3200399398,3,3,6,2,3,5
3200399676,1,1,2,1,1,2
3200420333,1,0,1,1,0,1
3200420444,1,0,1,1,0,1
3200434419,1,0,1,1,0,1
3200437883,1,1,2,2,0,2
3200445567,2,1,3,1,0,1
3200450950,1,1,2,2,1,3
3200535343,1,0,1,2,0,2
3200538764,1,1,2,2,1,3
3200540269,5,5,10,7,5,12
3200543243,1,2,3,1,0,1
3200552501,1,0,1,1,0,1
3200584450,17,0,17,1,1,2
3200594891,1,1,2,1,0,1
3200613916,1,3,4,1,0,1
3200632529,7,8,15,8,6,14
3200632703,13,13,26,7,14,21
3200633438,3,3,6,6,4,10
3200634971,3,3,6,2,3,5
3200634991,1,0,1,1,0,1
3200660043,3,0,3,1,0,1
3200773137,5,0,5,1,1,2
3200783169,3,4,7,1,1,2
3200801681,1,4,5,1,1,2
3200836668,2,0,2,1,0,1
3200928644,1,1,2,5,1,6
3200932950,6,12,18,2,5,7
3200957470,1,1,2,2,2,4
3200960782,2,1,3,1,0,1
3200983317,1,1,2,1,1,2
3200989483,1,5,6,1,0,1
3200992506,15,33,48,3,3,6
3200997153,5,5,10,5,5,10
3200998051,2,1,3,1,0,1
3201011993,7,7,14,1,1,2
3201027405,2,2,4,3,2,5
3201053625,2,3,5,1,0,1
3201071820,2,1,3,1,0,1
3201095826,2,2,4,2,2,4
3201101024,2,2,4,2,1,3
3201117205,3,3,6,3,3,6
3201119683,7,7,14,2,2,4
3201135198,1,2,3,1,0,1
3201150617,3,3,6,1,0,1
3201155110,1,1,2,2,1,3
3201156794,6,6,12,6,7,13
3201220006,5,5,10,3,5,8
3201247287,3,3,6,1,1,2
3201311240,2,2,4,2,2,4
3201320148,1,1,2,1,0,1
3201356433,2,7,9,4,4,8
3201388775,6,5,11,2,15,17
3201417725,10,10,20,2,10,12
3201478639,2,2,4,1,2,3
3201497807,1,1,2,1,0,1
3201497826,4,4,8,1,4,5
3201498429,1,1,2,1,1,2
3201504234,4,4,8,4,4,8
3201568357,1,0,1,1,0,1
3201654675,2,4,6,1,1,2
3201674080,1,1,2,1,1,2
3201683645,2,2,4,3,2,5
3201709143,1,1,2,2,1,3
3201710210,1,1,2,2,1,3
3201762048,1,1,2,2,1,3
3201774774,2,2,4,2,2,4
3201775275,3,3,6,3,4,7
3201790301,1,0,1,1,1,2
3201822298,1,3,4,1,3,4
3201848851,1,2,3,5,7,12
3201867345,1,0,1,1,0,1
3201876141,2,2,4,2,2,4
3201882036,3,3,6,4,3,7
3201890207,2,0,2,2,0,2
3202017324,3,6,9,1,0,1
3202072784,1,1,2,2,1,3
3202120284,13,13,26,4,16,20
3202261418,11,11,22,11,11,22
3202263196,1,1,2,9,6,15
3202266992,21,21,42,9,23,32
3202314239,2,2,4,3,3,6
3202343797,1,1,2,1,1,2
3202346069,7,7,14,4,7,11
3202405714,5,5,10,4,5,9
3202421744,1,1,2,1,0,1
3202429020,1,1,2,1,1,2
3202487225,1,0,1,1,0,1
3202514425,1,4,5,1,0,1
3202569655,1,4,5,3,0,3
3202584059,5,5,10,7,5,12
3202678038,1,1,2,2,1,3
3202691056,4,5,9,4,3,7
3202730929,2,2,4,7,6,13
3202743034,1,1,2,1,0,1
3202851217,2,2,4,2,2,4
3202927982,2,2,4,1,2,3
3202979544,2,2,4,2,2,4
3202988817,2,4,6,1,1,2
3203049261,2,2,4,2,2,4
3203075612,1,3,4,1,1,2
3203097519,12,12,24,14,13,27
3203116543,6,6,12,2,7,9
3203142171,2,2,4,2,2,4
3203160167,4,7,11,1,1,2
3203198961,1,1,2,3,2,5
3203225402,1,0,1,1,0,1
3203273396,1,1,2,1,1,2
3203288587,3,3,6,5,3,8
3203299542,1,0,1,1,0,1
3203303674,3,2,5,2,2,4
3203313796,1,0,1,1,0,1
3203322216,2,3,5,1,1,2
3203340759,1,0,1,2,0,2
3203378613,1,0,1,4,2,6
3203381073,2,0,2,2,0,2
3203384243,1,1,2,2,1,3
3203392047,1,1,2,6,1,7
3203399046,4,4,8,5,4,9
3203412762,1,0,1,1,0,1
3203413414,1,4,5,1,0,1
3203419343,4,0,4,1,0,1
3203481749,1,0,1,1,0,1
3203485444,3,2,5,1,1,2
3203498566,1,1,2,1,1,2
3203504315,1,0,1,1,0,1
3203514052,1,1,2,1,1,2
3203518394,2,2,4,2,2,4
3203529557,2,10,12,2,0,2
3203534257,2,2,4,4,3,7
3203541852,1,1,2,2,1,3
3203545357,12,12,24,5,13,18
3203561743,2,3,5,3,0,3
3203566740,1,4,5,1,0,1
3203576560,2,0,2,1,0,1
3203598148,2,2,4,2,2,4
3203606986,3,4,7,1,1,2
3203609136,1,2,3,1,0,1
3203617056,1,1,2,2,1,3
3203655953,10,10,20,5,11,16
3203666697,2,3,5,2,0,2
3203671103,1,0,1,2,2,4
3203733531,2,1,3,6,0,6
3203773126,1,2,3,1,1,2
3203786184,3,3,6,1,2,3
3203798300,3,2,5,2,2,4
3203803461,6,6,12,2,2,4
3203822170,2,4,6,2,2,4
3203875021,1,1,2,1,1,2
3203920935,1,4,5,1,1,2
3203936092,8,8,16,3,9,12
3203942745,1,0,1,1,0,1
3203952761,2,1,3,10,10,20
3203953584,6,6,12,2,6,8
3203959021,2,2,4,3,2,5
3203959889,4,4,8,3,3,6
3203968547,3,3,6,4,3,7
3204013044,1,9,10,1,0,1
3204040868,2,2,4,15,0,15
3204064277,1,0,1,1,0,1
3204102971,1,0,1,1,0,1
3204124593,4,4,8,2,4,6
3204186741,4,4,8,7,4,11
3204191956,1,1,2,2,1,3
3204209354,1,1,2,9,1,10
3204211278,1,1,2,2,1,3
3204213398,8,8,16,7,12,19
3204256262,2,5,7,1,0,1
3204267369,1,0,1,1,0,1
3204415088,1,1,2,1,0,1
3204454545,1,1,2,2,1,3
3204513780,1,0,1,1,0,1
3204631570,1,1,2,1,0,1
3204631946,3,3,6,3,3,6
3204646733,1,0,1,1,0,1
3204677575,1,1,2,1,1,2
3204685682,6,6,12,6,6,12
3204689046,1,1,2,1,1,2
3204691318,9,9,18,2,11,13
3204694878,1,0,1,1,0,1
3204696350,5,11,16,8,6,14
3204705693,2,2,4,2,2,4
3204715088,4,21,25,3,1,4
3204767492,8,8,16,3,8,11
3204784695,3,0,3,1,1,2
3204824333,2,2,4,4,2,6
3204825065,3,3,6,2,3,5
3204829785,1,1,2,3,1,4
3204850556,4,4,8,3,4,7
3204859616,1,0,1,1,0,1
3204862827,1,0,1,1,0,1
3204862938,14,14,28,3,14,17
3204871385,4,0,4,1,0,1
3204881684,1,0,1,1,0,1
3204950565,26,26,52,4,27,31
3204999846,1,0,1,1,0,1
3205004671,1,1,2,6,5,11
3205019007,1,1,2,1,1,2
3205027320,1,0,1,1,0,1
3205035298,1,0,1,3,0,3
3205041885,1,0,1,1,0,1
3205043141,4,6,10,3,3,6
3205047755,1,0,1,1,0,1
3205049035,1,0,1,1,0,1
3205074484,6,6,12,9,8,17
3205074666,1,1,2,2,2,4
3205080512,1,1,2,4,1,5
3205095349,1,3,4,2,2,4
3205096267,1,1,2,1,0,1
3205096538,1,0,1,1,0,1
3205179903,2,1,3,7,1,8
3205200953,1,2,3,1,0,1
3205239710,2,1,3,4,1,5
3205269363,1,4,5,1,1,2
3205294851,1,0,1,1,0,1
3205316876,4,4,8,3,4,7
3205345710,1,1,2,1,0,1
3205367172,3,3,6,2,3,5
3205376681,22,22,44,8,27,35
3205389818,1,1,2,1,1,2
3205440149,1,0,1,3,0,3
3205442114,1,1,2,2,2,4
3205474271,11,20,31,4,4,8
3205505903,1,3,4,1,0,1
3205528929,2,4,6,2,1,3
3205530223,1,1,2,1,1,2
3205589944,3,3,6,2,10,12
3205592020,1,1,2,1,1,2
3205644699,7,0,7,1,0,1
3205665986,4,4,8,4,4,8
3205737886,1,1,2,1,1,2
3205771814,3,3,6,6,5,11
3205804047,1,1,2,2,1,3
3205850833,3,4,7,1,1,2
3205864943,2,0,2,3,3,6
3205883859,8,10,18,2,2,4
3205885205,2,2,4,4,3,7
3205891769,1,0,1,1,1,2
3205909073,1,1,2,3,1,4
3205943773,2,2,4,1,0,1
3205953706,3,3,6,1,3,4
3205955913,2,2,4,1,2,3
3205980960,1,0,1,2,0,2
3205999808,1,1,2,2,1,3
3206026229,3,3,6,1,3,4
3206060156,1,1,2,3,1,4
3206081899,2,17,19,1,0,1
3206128630,1,1,2,2,1,3
3206187424,15,15,30,7,16,23
3206203957,2,2,4,3,3,6
3206204108,2,3,5,2,2,4
3206204210,1,1,2,2,1,3
3206205576,3,3,6,2,4,6
3206220696,1,1,2,2,1,3
3206231176,3,3,6,5,4,9
3206235386,1,0,1,1,0,1
3206264749,5,5,10,8,6,14
3206296495,1,0,1,1,0,1
3206354914,2,2,4,1,0,1
3206375105,1,1,2,1,1,2
3206444195,1,1,2,4,1,5
3206488639,1,3,4,1,0,1
3206489648,1,0,1,1,0,1
3206496766,3,6,9,3,2,5
3206499946,1,1,2,1,1,2
3206505591,1,5,6,1,0,1
3206507833,1,1,2,2,1,3
3206553924,1,1,2,2,1,3
3206568543,1,0,1,2,0,2
3206600707,1,3,4,1,0,1
3206635485,7,8,15,1,1,2
3206643883,7,9,16,1,1,2
3206646075,5,5,10,1,5,6
3206646083,1,0,1,1,0,1
3206649188,1,0,1,1,0,1
3206653439,1,1,2,1,0,1
3206676606,1,0,1,1,0,1
3206681530,1,1,2,1,0,1
3206681686,1,2,3,1,0,1
3206705928,1,1,2,4,1,5
3206720746,1,0,1,1,0,1
3206735866,1,2,3,1,0,1
3206747155,9,9,18,11,9,20
3206778999,1,4,5,1,0,1
3206831441,7,8,15,5,7,12
3206834000,10,13,23,4,8,12
3206845264,4,7,11,7,7,14
3206873355,20,20,40,4,20,24
3206882013,2,2,4,1,2,3
3206892750,2,2,4,1,1,2
3206923328,1,0,1,1,0,1
3206960881,26,26,52,4,28,32
3206967561,1,3,4,3,0,3
3207024251,3,5,8,1,1,2
3207031919,1,2,3,2,2,4
3207067993,4,4,8,3,4,7
3207077197,4,2,6,1,1,2
3207111294,1,1,2,2,1,3
3207160999,1,0,1,1,0,1
3207161633,1,1,2,1,0,1
3207204407,1,1,2,1,1,2
3207221136,2,1,3,1,0,1
3207229498,1,1,2,1,1,2
3207251273,2,3,5,2,0,2
3207252706,2,0,2,1,0,1
3207278621,1,0,1,1,0,1
3207282905,1,1,2,1,0,1
3207311924,1,0,1,1,0,1
3207343702,2,2,4,3,2,5
3207348309,4,4,8,7,5,12
3207365350,1,1,2,5,1,6
3207372961,1,0,1,1,0,1
3207379950,1,1,2,1,1,2
3207402456,1,1,2,3,1,4
3207429531,13,20,33,15,15,30
3207452251,1,0,1,1,0,1
3207458324,5,5,10,2,5,7
3207504485,2,2,4,2,2,4
3207524947,2,2,4,2,2,4
3207547312,1,1,2,1,1,2
3207595792,2,2,4,3,2,5
3207636464,1,2,3,1,2,3
3207665528,2,2,4,3,3,6
3207684121,1,1,2,1,1,2
3207701847,17,17,34,4,17,21
3207743117,1,1,2,11,10,21
3207753963,1,0,1,1,0,1
3207754379,1,0,1,1,0,1
3207767885,4,4,8,5,4,9
3207786186,2,3,5,1,0,1
3207804574,9,9,18,3,9,12
3207874593,7,39,46,2,2,4
3207909459,1,1,2,9,1,10
3207941907,1,1,2,2,0,2
3208009671,3,2,5,1,0,1
3208084894,1,1,2,2,1,3
3208151066,1,0,1,2,4,6
3208174031,3,8,11,1,0,1
3208327172,1,1,2,2,1,3
3208435786,5,5,10,4,5,9
3208453915,4,4,8,7,6,13
3208545473,4,4,8,4,6,10
3208583843,1,1,2,3,1,4
3208672912,6,0,6,1,3,4
3208736303,5,5,10,6,5,11
3208758336,4,4,8,3,4,7
3208841173,1,1,2,4,1,5
3208847505,1,1,2,1,1,2
3208849441,1,0,1,4,0,4
3208905012,1,0,1,1,0,1
3208916567,1,3,4,3,1,4
3209047552,2,1,3,7,5,12
3209157231,4,4,8,4,4,8
3209167168,4,4,8,4,4,8
3209168346,1,0,1,2,0,2
3209189487,11,11,22,8,13,21
3209245839,2,0,2,1,0,1
3209295119,1,1,2,2,1,3
3209309561,1,0,1,1,0,1
3209349045,8,18,26,5,5,10
3209378291,2,2,4,4,2,6
3209386455,1,1,2,2,1,3
3209397580,2,0,2,3,0,3
3209437901,1,2,3,1,1,2
3209445091,5,5,10,6,5,11
3209460941,1,1,2,2,0,2
3209463819,8,21,29,7,6,13
3209478950,1,0,1,1,0,1
3209480528,1,1,2,1,1,2
3209481922,1,0,1,1,0,1
3209527194,2,2,4,3,2,5
3209569709,11,11,22,9,12,21
3209619194,5,5,10,4,5,9
3209639485,1,0,1,1,0,1
3209656066,2,2,4,2,2,4
3209660072,5,5,10,7,7,14
3209661206,1,0,1,3,0,3
3209703611,3,3,6,1,2,3
3209724484,1,0,1,2,0,2
3209727238,1,1,2,4,1,5
3209743388,1,0,1,1,0,1
3209796838,10,10,20,2,9,11
3209820394,1,0,1,1,0,1
3209821398,1,1,2,1,1,2
3209823049,5,24,29,1,1,2
3209834364,1,1,2,1,1,2
3209849522,6,6,12,6,7,13
3209861533,5,5,10,3,5,8
3209882965,2,2,4,1,1,2
3209908129,4,4,8,7,8,15
3209926289,1,1,2,2,1,3
3209929940,3,3,6,4,3,7
3209933068,1,1,2,3,1,4
3209941919,1,0,1,1,0,1
3209954297,4,4,8,7,4,11
3209991607,5,8,13,1,1,2
3210012567,1,1,2,4,1,5
3210037675,1,1,2,3,1,4
3210044147,1,2,3,2,2,4
3210044896,1,0,1,1,0,1
3210054056,12,12,24,5,12,17
3210070264,1,0,1,2,0,2
3210103716,2,2,4,2,2,4
3210120746,1,2,3,2,1,3
3210123455,1,4,5,1,0,1
3210127334,2,2,4,4,2,6
3210131522,5,10,15,1,1,2
3210150656,2,2,4,2,2,4
3210172444,1,1,2,3,3,6
3210178155,9,9,18,10,8,18
3210190389,3,3,6,3,3,6
3210212326,1,2,3,1,0,1
3210239309,6,6,12,6,6,12
3210294287,1,1,2,3,2,5
3210321906,2,2,4,1,2,3
3210322229,1,0,1,1,0,1
3210323907,4,4,8,13,5,18
3210369639,7,13,20,2,2,4
3210391986,1,0,1,5,11,16
3210463294,6,6,12,4,4,8
3210469462,8,18,26,1,1,2
3210536156,1,1,2,1,0,1
3210591930,2,4,6,2,1,3
3210629704,1,0,1,1,0,1
3210633319,1,1,2,2,1,3
3210664584,1,1,2,3,2,5
3210682463,2,2,4,2,2,4
3210755490,1,0,1,6,6,12
3210760092,14,0,14,3,2,5
3210787259,1,0,1,2,0,2
3210800471,12,12,24,14,14,28
3210824774,2,1,3,10,7,17
3210834321,1,1,2,4,1,5
3210898758,4,4,8,8,6,14
3210908131,3,3,6,3,3,6
3210992190,12,15,27,3,3,6
3210993739,1,5,6,3,0,3
3211005140,1,0,1,1,0,1
3211034866,1,0,1,1,0,1
3211058550,1,1,2,2,1,3
3211058608,1,1,2,1,0,1
3211088430,1,0,1,1,0,1
3211119439,2,1,3,3,1,4
3211121123,1,0,1,1,0,1
3211122981,1,2,3,2,0,2
3211165152,9,9,18,10,9,19
3211177043,1,1,2,1,1,2
3211323075,2,2,4,2,18,20
3211338521,2,2,4,4,3,7
3211349077,10,10,20,17,20,37
3211353657,1,2,3,1,0,1
3211380381,1,0,1,1,0,1
3211453517,1,0,1,1,0,1
3211507551,1,1,2,3,1,4
3211573753,1,3,4,1,0,1
3211592996,1,0,1,1,0,1
3211617735,3,3,6,3,3,6
3211767641,3,3,6,4,3,7
3211833819,6,6,12,4,6,10
3211943706,2,2,4,1,2,3
3211948604,5,5,10,7,5,12
3211953712,7,7,14,2,8,10
3212113521,1,1,2,2,1,3
3212148446,2,2,4,3,2,5
3212163751,2,4,6,1,1,2
3212169747,1,0,1,2,1,3
3212186764,1,1,2,3,2,5
3212236048,1,4,5,1,0,1
3212239088,1,0,1,1,0,1
3212273826,1,0,1,1,0,1
3212280474,3,3,6,3,3,6
3212285213,2,2,4,3,2,5
3212285385,1,1,2,1,1,2
3212298491,4,4,8,4,4,8
3212309963,1,0,1,1,0,1
3212373383,1,1,2,2,1,3
3212392660,1,0,1,1,0,1
3212408546,1,2,3,1,0,1
3212579602,1,0,1,1,0,1
3212603149,1,0,1,1,0,1
3212617082,12,12,24,5,11,16
3212619187,18,18,36,3,18,21
3212626331,2,2,4,3,2,5
3212647215,14,14,28,6,14,20
3212654440,1,1,2,1,1,2
3212664657,2,2,4,2,2,4
3212776826,1,0,1,1,0,1
3212792099,1,1,2,2,1,3
3212797402,1,1,2,2,2,4
3212810620,23,23,46,7,23,30
3212819761,1,1,2,3,1,4
3212824052,2,5,7,14,12,26
3212848087,3,3,6,1,3,4
3212880394,1,1,2,5,6,11
3212959848,3,3,6,2,3,5
3213008498,1,3,4,3,3,6
3213010385,2,2,4,1,2,3
3213027834,1,1,2,1,1,2
3213048977,6,6,12,6,6,12
3213063461,1,1,2,6,8,14
3213105602,2,2,4,2,2,4
3213117782,1,4,5,1,0,1
3213127522,1,0,1,1,0,1
3213150939,1,1,2,3,1,4
3213181172,1,0,1,1,0,1
3213182963,1,4,5,1,0,1
3213198430,1,0,1,1,0,1
3213201196,5,5,10,4,4,8
3213208664,1,1,2,2,1,3
3213212887,1,0,1,1,0,1
3213265669,1,3,4,5,4,9
3213273125,2,0,2,1,0,1
3213274502,1,4,5,1,0,1
3213303614,1,1,2,2,0,2
3213303615,1,5,6,5,4,9
3213307439,3,3,6,3,3,6
3213348384,1,8,9,1,0,1
3213362061,11,11,22,11,11,22
3213367725,3,3,6,6,3,9
3213370706,18,18,36,7,18,25
3213474946,1,0,1,1,0,1
3213575285,1,0,1,3,2,5
3213599064,1,0,1,1,0,1
3213624908,1,0,1,1,0,1
3213779460,2,7,9,1,0,1
3213850159,1,0,1,1,0,1
3213888224,2,0,2,1,0,1
3213889622,7,7,14,12,11,23
3214056294,9,9,18,14,9,23
3214078227,5,7,12,9,4,13
3214086292,2,2,4,2,2,4
3214103204,10,10,20,1,10,11
3214109280,1,0,1,1,0,1
3214110203,1,0,1,1,0,1
3214112341,2,6,8,3,0,3
3214122373,6,6,12,4,7,11
3214124003,1,1,2,1,0,1
3214127213,4,4,8,5,4,9
3214130284,7,7,14,5,7,12
3214141166,1,1,2,3,2,5
3214271934,1,1,2,3,1,4
3214272154,1,0,1,1,0,1
3214279774,1,2,3,1,0,1
3214309138,1,1,2,6,4,10
3214318286,1,0,1,1,0,1
3214371602,5,5,10,4,5,9
3214402028,1,2,3,1,1,2
3214453012,2,2,4,4,2,6
3214477918,4,4,8,4,4,8
3214499212,2,2,4,3,2,5
3214500412,1,0,1,1,0,1
3214536211,1,1,2,1,1,2
3214572475,1,0,1,1,0,1
3214577978,8,8,16,3,8,11
3214769772,2,2,4,2,2,4
3214811092,5,5,10,6,5,11
3214842792,4,4,8,6,4,10
3214868652,2,0,2,1,0,1
3214894351,1,1,2,1,1,2
3214918988,4,4,8,3,4,7
3214925321,3,3,6,4,4,8
3214953051,1,3,4,1,0,1
3214990248,6,6,12,6,6,12
3215001889,2,1,3,2,2,4
3215133064,1,0,1,1,0,1
3215169665,1,1,2,2,2,4
3215216017,3,3,6,2,3,5
3215274152,1,1,2,1,1,2
3215282325,12,12,24,1,12,13
3215288960,2,0,2,1,0,1
3215321595,1,1,2,1,0,1
3215375636,10,10,20,5,10,15
3215571610,1,1,2,1,1,2
3215634947,2,2,4,2,2,4
3215730319,1,1,2,13,14,27
3215761683,5,5,10,5,5,10
3215868710,2,2,4,1,0,1
3215891130,1,1,2,7,3,10
3215898746,2,2,4,7,4,11
3215933620,7,7,14,3,7,10
3216003038,6,0,6,1,0,1
3216116684,2,2,4,1,2,3
3216128827,1,1,2,2,1,3
3216135866,10,0,10,4,2,6
3216136095,12,12,24,3,12,15
3216180581,1,0,1,4,0,4
3216208267,1,1,2,1,1,2
3216208383,11,11,22,5,11,16
3216255484,1,1,2,1,0,1
3216289477,2,2,4,3,2,5
3216366366,1,1,2,2,1,3
3216374398,1,1,2,2,1,3
3216407461,2,2,4,2,2,4
3216459047,1,0,1,1,0,1
3216463073,1,1,2,2,1,3
3216509796,1,5,6,2,2,4
3216511780,1,1,2,7,3,10
3216512252,1,2,3,1,0,1
3216531861,3,3,6,3,3,6
3216535181,1,30,31,1,0,1
3216540207,5,0,5,1,0,1
3216551873,1,0,1,1,0,1
3216594701,2,2,4,2,2,4
3216599702,1,1,2,2,1,3
3216656797,1,1,2,2,1,3
3216673182,1,0,1,1,0,1
3216679157,2,5,7,1,0,1
3216679550,1,0,1,1,0,1
3216774821,1,5,6,5,5,10
3216873872,2,1,3,5,3,8
3216984367,1,1,2,2,1,3
3217082315,1,2,3,2,2,4
3217318621,1,1,2,1,0,1
3217336329,1,2,3,2,3,5
3217457847,2,2,4,2,2,4
3217464901,1,1,2,3,1,4
3217489820,7,10,17,6,6,12
3217515128,3,3,6,9,7,16
3217590507,1,1,2,1,1,2
3217654347,6,6,12,2,6,8
3217656320,1,0,1,1,0,1
3217679463,1,0,1,1,0,1
3217726784,1,1,2,1,1,2
3217728523,1,4,5,5,0,5
3217778645,1,1,2,1,0,1
3217796263,2,2,4,1,1,2
3217853964,18,38,56,11,11,22
3217868469,1,4,5,2,1,3
3217879428,1,5,6,3,2,5
3217893466,1,0,1,1,0,1
3217913101,4,0,4,1,0,1
3217955322,1,4,5,1,1,2
3217968239,1,1,2,3,1,4
3217974398,2,2,4,6,5,11
3217996641,1,0,1,1,0,1
3218032879,1,1,2,1,1,2
3218033153,1,1,2,1,1,2
3218045596,2,2,4,1,0,1
3218061623,7,7,14,9,7,16
3218096159,1,2,3,1,0,1
3218096363,1,1,2,1,0,1
3218097018,1,0,1,1,0,1
3218097463,1,2,3,1,0,1
3218097672,1,3,4,1,0,1
3218097878,1,0,1,1,0,1
3218104347,8,8,16,3,8,11
3218122115,4,4,8,5,4,9
3218136259,2,2,4,3,2,5
3218171542,1,0,1,1,0,1
3218189587,1,0,1,1,0,1
3218202482,10,9,19,8,9,17
3218203695,1,0,1,1,0,1
3218213621,1,3,4,1,0,1
3218230373,2,0,2,1,0,1
3218240893,1,5,6,1,0,1
3218245359,2,2,4,3,2,5
3218250478,7,11,18,6,5,11
3218294290,16,16,32,1,16,17
3218308979,6,5,11,3,5,8
3218328167,18,14,32,5,5,10
3218333217,1,3,4,1,0,1
3218442428,1,0,1,1,0,1
3218450491,1,1,2,1,1,2
3218486387,3,3,6,3,3,6
3218493238,1,0,1,1,0,1
3218524793,2,4,6,3,2,5
3218588829,1,1,2,2,1,3
3218655527,3,3,6,14,6,20
3218773894,2,2,4,5,2,7
3218814631,1,1,2,1,1,2
3218839273,1,2,3,8,14,22
3218840722,2,2,4,2,2,4
3218844057,1,4,5,1,0,1
3218874898,1,4,5,1,0,1
3218877836,12,12,24,2,13,15
3218897775,1,0,1,2,0,2
3218984690,1,1,2,4,1,5
3219142533,2,2,4,4,2,6
3219150529,1,1,2,2,1,3
3219254404,4,4,8,3,4,7
3219327927,3,3,6,2,3,5
3219404411,7,7,14,10,7,17
3219478531,1,1,2,3,1,4
3219559675,1,1,2,1,1,2
3219708465,4,4,8,3,4,7
3219731110,3,3,6,2,3,5
3219758746,1,0,1,1,0,1
3219763434,1,0,1,1,0,1
3219766312,1,1,2,1,1,2
3219851949,1,1,2,3,1,4
3219855040,4,14,18,1,1,2
3220022687,1,2,3,2,0,2
3220024672,1,0,1,2,0,2
3220051829,3,3,6,5,3,8
3220063416,1,1,2,1,1,2
3220067260,1,1,2,10,4,14
3220097416,1,1,2,5,1,6
3220118604,1,0,1,1,0,1
3220146897,1,0,1,1,0,1
3220166345,1,0,1,1,0,1
3220234122,3,0,3,6,0,6
3220240353,1,0,1,4,0,4
3220247692,1,1,2,1,1,2
3220272587,1,1,2,3,1,4
3220275327,1,0,1,1,0,1
3220280401,2,2,4,3,1,4
3220292301,1,0,1,1,0,1
3220359829,2,11,13,3,0,3
3220359881,1,1,2,1,0,1
3220396089,3,3,6,3,3,6
3220396620,3,3,6,2,3,5
3220409973,3,3,6,2,3,5
3220416353,1,1,2,1,4,5
3220422992,1,0,1,1,0,1
3220426831,1,8,9,1,0,1
3220433851,1,0,1,1,0,1
3220487038,1,1,2,1,0,1
3220559534,1,3,4,1,1,2
3220673790,1,0,1,1,0,1
3220699146,1,4,5,1,0,1
3220799500,1,2,3,2,2,4
3220805963,1,0,1,1,0,1
3220841122,6,5,11,1,1,2
3220841707,4,8,12,1,1,2
3220896124,1,3,4,1,0,1
3220923279,3,4,7,2,2,4
3220947262,3,3,6,2,2,4
3221029457,2,2,4,2,2,4
3221043102,20,20,40,10,22,32
3221043200,2,8,10,1,0,1
3221044239,1,1,2,1,0,1
3221072168,3,3,6,6,5,11
3221086843,6,3,9,1,1,2
3221096125,3,3,6,4,4,8
3221123674,17,17,34,10,16,26
3221128712,6,5,11,3,5,8
3221133653,4,4,8,4,4,8
3221137118,3,3,6,2,3,5
3221148804,1,3,4,1,0,1
3221150422,1,1,2,1,1,2
3221159679,1,3,4,1,0,1
3221181159,2,1,3,1,0,1
3221181461,1,1,2,1,0,1
3221217744,1,0,1,1,0,1
3221261532,1,1,2,3,1,4
3221262865,1,0,1,1,0,1
3221269616,1,3,4,1,0,1
3221273219,1,17,18,2,0,2
3221298768,1,0,1,1,0,1
3221303663,1,1,2,1,1,2
3221328588,3,0,3,3,0,3
3221328642,7,7,14,4,7,11
3221359252,1,0,1,1,0,1
3221364357,3,3,6,1,3,4
3221371114,2,6,8,1,0,1
3221372841,1,4,5,1,0,1
3221374895,1,0,1,1,0,1
3221375237,2,2,4,2,2,4
3221376702,1,2,3,6,0,6
3221386029,1,11,12,1,0,1
3221387455,1,1,2,1,1,2
3221404425,12,12,24,9,12,21
3221439040,1,1,2,1,0,1
3221452598,1,2,3,1,0,1
3221472501,1,3,4,2,0,2
3221492530,1,2,3,1,0,1
3221502571,1,3,4,1,1,2
3221525014,1,0,1,1,0,1
3221552775,9,18,27,7,10,17
3221602380,4,0,4,1,0,1
3221627962,1,0,1,3,0,3
3221654417,2,2,4,1,2,3
3221682793,1,3,4,6,0,6
3221688719,1,1,2,1,1,2
3221691866,1,0,1,1,0,1
3221696975,5,5,10,9,5,14
3221698772,1,2,3,1,0,1
3221708149,7,7,14,6,7,13
3221712428,1,1,2,1,1,2
3221725468,6,6,12,5,6,11
3221727136,1,1,2,1,0,1
3221789921,2,2,4,7,9,16
3221807134,3,3,6,3,3,6
3221812525,1,0,1,2,0,2
3221874099,1,2,3,1,1,2
3221886159,1,1,2,4,0,4
3221886970,1,5,6,1,0,1
3221925890,5,5,10,8,6,14
3221926992,7,7,14,12,8,20
3221933562,3,4,7,2,2,4
3221941191,2,2,4,2,2,4
3221952779,7,7,14,4,7,11
3222017344,2,2,4,1,2,3
3222052650,3,3,6,3,3,6
3222101465,2,3,5,10,9,19
3222106246,1,1,2,1,0,1
3222145762,1,0,1,1,0,1
3222234516,3,3,6,6,3,9
3222258546,1,5,6,1,0,1
3222296893,1,1,2,1,1,2
3222304555,6,6,12,2,6,8
3222328481,1,0,1,2,0,2
3222356037,1,1,2,4,1,5
3222379511,1,0,1,1,0,1
3222423531,1,0,1,1,0,1
3222424201,1,0,1,2,0,2
3222441952,1,1,2,2,1,3
3222448917,1,0,1,1,0,1
3222480219,1,1,2,2,1,3
3222487070,1,1,2,2,1,3
3222505548,1,0,1,1,0,1
3222512145,6,6,12,4,6,10
3222599276,1,1,2,1,1,2
3222604561,1,1,2,5,1,6
3222606436,1,0,1,2,0,2
3222615190,1,1,2,1,0,1
3222634320,4,4,8,3,4,7
3222638974,4,4,8,1,4,5
3222673461,1,0,1,1,0,1
3222694909,2,0,2,4,0,4
3222741085,5,5,10,5,5,10
3222800647,10,10,20,4,10,14
3222809429,1,2,3,1,0,1
3222813636,5,5,10,2,5,7
3222818119,1,1,2,1,0,1
3222841302,18,18,36,1,18,19
3222851878,1,1,2,6,1,7
3222906945,2,2,4,4,2,6
3222923913,1,2,3,1,1,2
3222970014,2,2,4,3,2,5
3222971523,1,1,2,3,1,4
3223010783,5,10,15,2,0,2
3223063338,3,3,6,1,3,4
3223091206,3,6,9,2,2,4
3223142445,8,8,16,2,8,10
3223157496,5,4,9,2,4,6
3223171362,1,0,1,1,0,1
3223177858,7,8,15,9,8,17
3223181995,1,0,1,1,0,1
3223193571,1,2,3,1,0,1
3223225009,5,5,10,2,5,7
3223228701,2,2,4,6,4,10
3223256143,2,2,4,2,2,4
3223273263,3,0,3,2,0,2
3223274037,3,3,6,3,3,6
3223289542,1,0,1,2,0,2
3223299299,1,1,2,1,0,1
3223325863,1,1,2,4,1,5
3223331212,1,3,4,1,0,1
3223342785,1,0,1,3,2,5
3223346824,1,1,2,1,1,2
3223349599,2,2,4,9,9,18
3223356466,1,1,2,2,1,3
3223361001,2,2,4,3,2,5
3223370398,5,5,10,1,5,6
3223436019,1,0,1,1,0,1
3223438790,1,1,2,1,0,1
3223461985,8,8,16,14,10,24
3223522886,8,8,16,9,9,18
3223526030,2,0,2,1,0,1
3223534413,20,24,44,7,19,26
3223561657,8,8,16,5,8,13
3223584944,1,0,1,4,0,4
3223608568,2,2,4,2,2,4
3223614824,4,2,6,6,0,6
3223618488,4,4,8,5,5,10
3223625763,1,1,2,1,1,2
3223627819,1,1,2,1,0,1
3223638510,1,4,5,1,1,2
3223643354,2,2,4,3,2,5
3223647007,2,2,4,2,2,4
3223666167,1,1,2,1,1,2
3223703470,1,0,1,1,0,1
3223726825,1,0,1,1,0,1
3223728308,1,4,5,1,0,1
3223782225,5,11,16,2,3,5
3223796859,1,1,2,1,1,2
3223923166,1,0,1,1,0,1
3224245761,1,1,2,2,2,4
3224373832,9,24,33,1,1,2
3224449417,4,5,9,1,1,2
3224451265,5,6,11,2,2,4
3224457949,5,6,11,3,3,6
3224520942,3,3,6,2,3,5
3224522905,6,6,12,2,6,8
3224525601,3,3,6,2,3,5
3224534498,1,1,2,1,0,1
3224537707,1,0,1,2,0,2
3224538122,5,10,15,1,1,2
3224541500,2,2,4,3,2,5
3224542009,1,1,2,1,1,2
3224573846,1,3,4,2,1,3
3224594402,4,0,4,2,0,2
3224594637,1,0,1,1,0,1
3224615794,1,1,2,1,1,2
3224617268,1,1,2,2,1,3
3224619256,1,1,2,1,0,1
3224637642,1,0,1,1,0,1
3224644942,5,0,5,1,0,1
3224656137,4,4,8,5,4,9
3224668528,1,3,4,2,0,2
3224676769,2,2,4,5,2,7
3224696225,5,5,10,3,5,8
3224697553,1,1,2,2,5,7
3224698091,1,1,2,3,1,4
3224703601,11,11,22,9,11,20
3224709961,2,4,6,1,0,1
3224735740,4,4,8,4,4,8
3224737242,1,5,6,1,0,1
3224751066,1,1,2,1,1,2
3224757845,1,0,1,1,0,1
3224769274,13,13,26,16,13,29
3224776419,1,0,1,3,0,3
3224778393,1,8,9,3,0,3
3224778781,1,0,1,1,0,1
3224786269,1,2,3,1,1,2
3224787556,1,3,4,1,0,1
3224792527,4,4,8,2,4,6
3224800132,8,8,16,5,8,13
3224800535,4,4,8,4,5,9
3224800869,4,4,8,6,7,13
3224806014,1,1,2,1,1,2
3224818650,1,2,3,2,0,2
3224825503,4,4,8,8,7,15
3224834120,1,2,3,1,0,1
3224837150,1,5,6,1,1,2
3224861163,6,6,12,5,6,11
3224878490,9,9,18,16,10,26
3224881043,2,2,4,2,1,3
3224882319,4,4,8,4,4,8
3224893727,2,2,4,3,3,6
3224900581,4,4,8,4,4,8
3224901033,3,3,6,5,4,9
3224925954,1,0,1,1,0,1
3224953168,2,1,3,1,1,2
3224966461,20,20,40,10,21,31
3224992962,13,12,25,1,0,1
3225011533,1,3,4,3,2,5
3225011541,1,1,2,2,1,3
3225021440,6,6,12,4,6,10
3225030553,1,2,3,1,0,1
3225037054,23,23,46,7,25,32
3225038397,2,0,2,1,0,1
3225046640,2,2,4,1,1,2
3225052508,5,5,10,3,5,8
3225061209,3,3,6,3,3,6
3225061428,1,3,4,1,0,1
3225078204,1,1,2,1,0,1
3225112841,1,1,2,3,1,4
3225120137,1,5,6,1,0,1
3225143396,1,0,1,1,0,1
3225161317,1,0,1,1,0,1
3225162010,1,0,1,1,0,1
3225165686,1,4,5,1,0,1
3225168727,5,4,9,1,4,5
3225168948,1,0,1,1,0,1
3225182056,8,6,14,2,2,4
3225190004,5,4,9,1,0,1
3225200548,1,1,2,2,1,3
3225203739,9,5,14,7,9,16
3225220731,1,0,1,1,1,2
3225221997,3,3,6,1,0,1
3225226279,1,1,2,2,1,3
3225227831,15,14,29,1,0,1
3225232105,9,9,18,1,9,10
3225236998,15,15,30,2,0,2
3225237814,1,1,2,2,1,3
3225250325,5,5,10,6,5,11
3225266938,3,3,6,1,0,1
3225268017,10,10,20,2,11,13
3225271859,5,5,10,5,5,10
3225287553,1,1,2,2,1,3
3225288889,1,0,1,1,0,1
3225289522,1,0,1,1,0,1
3225312110,3,3,6,2,3,5
3225366687,2,2,4,4,3,7
3225416831,2,1,3,1,1,2
3225444521,4,4,8,5,5,10
3225447823,2,2,4,2,2,4
3225459779,3,3,6,2,3,5
3225464629,1,1,2,3,1,4
3225468380,21,21,42,2,21,23
3225472141,1,0,1,1,0,1
3225473501,1,0,1,1,0,1
3225481816,6,6,12,6,6,12
3225486077,6,9,15,3,5,8
3225517885,1,1,2,1,1,2
3225525645,1,0,1,4,0,4
3225547208,2,0,2,1,0,1
3225586198,5,5,10,1,5,6
3225599025,3,4,7,1,1,2
3225606290,1,3,4,2,0,2
3225613836,1,1,2,2,1,3
3225623205,1,0,1,1,0,1
3225626950,1,1,2,1,0,1
3225670594,1,2,3,1,0,1
3225687427,2,9,11,1,0,1
3225690324,1,0,1,4,0,4
3225699289,2,0,2,1,0,1
3225702261,4,4,8,1,4,5
3225709244,3,3,6,5,3,8
3225711924,1,1,2,1,1,2
3225712501,10,25,35,20,25,45
3225716269,5,5,10,6,5,11
3225730660,7,7,14,2,8,10
3225735013,1,1,2,3,1,4
3225741746,2,2,4,1,0,1
3225754641,1,1,2,1,2,3
3225761873,1,1,2,1,1,2
3225793248,4,5,9,1,0,1
3225793642,15,15,30,4,16,20
3225807422,1,3,4,1,0,1
3225822344,3,2,5,2,1,3
3225850238,2,2,4,3,2,5
3225851574,1,1,2,4,1,5
3225857759,4,3,7,2,0,2
3225899409,1,0,1,3,3,6
3225969925,7,0,7,1,0,1
3225986936,1,3,4,1,1,2
3225991432,2,2,4,1,2,3
3226001459,2,2,4,3,2,5
3226004166,4,4,8,2,6,8
3226008301,1,2,3,2,0,2
3226012556,3,3,6,3,3,6
3226021643,2,0,2,1,1,2
3226026673,1,1,2,2,1,3
3226028637,1,0,1,1,0,1
3226053078,2,2,4,4,2,6
3226056235,3,3,6,5,3,8
3226065380,1,1,2,1,0,1
3226082042,1,0,1,1,0,1
3226091042,9,11,20,11,10,21
3226092744,1,0,1,1,0,1
3226132719,12,12,24,7,12,19
3226135792,4,4,8,1,4,5
3226143817,2,2,4,2,2,4
3226149137,1,1,2,1,1,2
3226154778,8,8,16,4,8,12
3226159409,6,6,12,4,6,10
3226167777,6,6,12,2,6,8
3226175596,17,18,35,3,17,20
3226177256,1,4,5,1,0,1
3226201521,1,2,3,5,5,10
3226206040,2,5,7,2,0,2
3226212128,2,8,10,1,0,1
3226212271,5,7,12,4,4,8
3226236648,3,3,6,6,3,9
3226237385,1,1,2,1,1,2
3226242228,1,1,2,1,1,2
3226265926,10,0,10,2,0,2
3226265972,16,16,32,12,14,26
3226277258,3,3,6,1,3,4
3226278223,1,1,2,1,1,2
3226278555,7,7,14,4,7,11
3226297844,9,9,18,5,8,13
3226300334,1,2,3,1,0,1
3226330882,9,9,18,3,9,12
3226340703,1,0,1,3,0,3
3226344545,7,7,14,4,7,11
3226347524,1,0,1,1,0,1
3226386307,10,10,20,6,11,17
3226391710,2,5,7,1,0,1
3226425244,2,2,4,3,2,5
3226427018,1,1,2,1,1,2
3226428079,1,0,1,1,0,1
3226431479,1,0,1,1,0,1
3226434848,1,1,2,2,2,4
3226441877,3,3,6,5,5,10
3226465029,1,1,2,1,0,1
3226472240,1,0,1,1,0,1
3226472944,3,2,5,1,1,2
3226480625,2,2,4,2,2,4
3226491631,2,2,4,1,1,2
3226498377,1,1,2,2,1,3
3226500749,3,4,7,1,1,2
3226508367,2,2,4,1,1,2
3226510483,5,5,10,1,1,2
3226517877,3,3,6,3,5,8
3226519927,4,4,8,2,4,6
3226524905,1,1,2,2,1,3
3226531846,1,1,2,2,1,3
3226532057,1,2,3,2,2,4
3226543802,1,1,2,1,1,2
3226549725,1,1,2,2,1,3
3226549873,1,1,2,2,1,3
3226553687,1,1,2,1,0,1
3226555599,1,0,1,1,0,1
3226556821,14,19,33,4,14,18
3226557991,3,3,6,1,3,4
3226561235,1,1,2,3,1,4
3226564874,4,4,8,2,4,6
3226575445,1,2,3,1,0,1
3226580806,2,2,4,1,2,3
3226592948,1,0,1,1,0,1
3226618579,1,3,4,2,1,3
3226637630,1,4,5,1,0,1
3226647097,2,2,4,2,2,4
3226653072,4,4,8,6,5,11
3226659318,1,7,8,1,0,1
3226695042,4,3,7,2,1,3
3226715034,1,0,1,1,0,1
3226718671,1,1,2,2,1,3
3226724401,2,10,12,4,0,4
3226726975,2,9,11,13,0,13
3226728754,2,0,2,1,2,3
3226741953,1,1,2,1,1,2
3226742026,1,4,5,1,0,1
3226744555,7,14,21,2,1,3
3226753265,9,9,18,19,15,34
3226754248,5,7,12,1,0,1
3226760222,15,15,30,7,17,24
3226764804,3,3,6,1,3,4
3226765383,1,1,2,1,1,2
3226770103,2,5,7,1,0,1
3226776821,16,16,32,3,0,3
3226781769,2,1,3,1,1,2
3226792809,4,4,8,2,4,6
3226804270,1,6,7,3,1,4
3226826677,1,0,1,1,0,1
3226840147,21,32,53,9,9,18
3226844057,1,1,2,1,0,1
3226877464,1,6,7,4,4,8
3226985116,2,2,4,2,2,4
3226996415,1,4,5,1,1,2
3227004326,2,2,4,4,2,6
3227012356,6,7,13,1,0,1
3227044516,11,15,26,4,4,8
3227044973,3,2,5,1,0,1
3227061614,5,4,9,2,0,2
3227068563,6,0,6,2,0,2
3227071227,3,8,11,9,5,14
3227101750,1,2,3,1,0,1
3227118038,1,1,2,1,1,2
3227146037,16,16,32,1,0,1
3227146484,1,1,2,1,1,2
3227197039,1,2,3,1,0,1
3227205708,5,4,9,7,5,12
3227225216,1,0,1,1,0,1
3227226221,24,24,48,6,24,30
3227251318,1,1,2,1,0,1
3227274544,28,28,56,2,35,37
3227274581,16,16,32,4,16,20
3227275579,2,2,4,2,2,4
3227277889,1,1,2,1,1,2
3227293680,11,21,32,6,6,12
3227297391,1,3,4,3,0,3
3227303766,1,0,1,1,0,1
3227356630,1,0,1,1,0,1
3227438956,5,3,8,1,1,2
3227441495,1,1,2,10,12,22
3227444817,2,2,4,3,2,5
3227522482,1,1,2,1,1,2
3227538158,1,1,2,3,1,4
3227661754,2,1,3,1,1,2
3227673968,2,0,2,1,1,2
3227718664,2,10,12,2,3,5
3227727688,1,1,2,1,1,2
3227805332,10,10,20,4,10,14
3227849604,9,9,18,1,9,10
3227863242,3,3,6,3,3,6
3227866239,6,4,10,5,3,8
3227867582,6,5,11,10,7,17
3227867923,3,0,3,1,1,2
3227962360,4,4,8,5,5,10
3228025450,1,1,2,2,1,3
3228044420,4,4,8,2,4,6
3228124338,4,20,24,1,0,1
3228141860,1,0,1,1,0,1
3228158808,1,7,8,1,0,1
3228179135,3,0,3,1,0,1
3228203646,2,0,2,1,0,1
3228219115,17,17,34,13,18,31
3228222275,1,1,2,1,0,1
3228226817,1,0,1,1,0,1
3228237583,1,1,2,1,0,1
3228254469,3,0,3,1,0,1
3228266614,1,1,2,4,1,5
3228354430,1,1,2,1,1,2
3228361984,10,10,20,12,10,22
3228390000,1,1,2,4,1,5
3228409448,3,3,6,5,4,9
3228450600,1,2,3,1,1,2
3228455905,13,13,26,7,8,15
3228475127,6,6,12,6,6,12
3228504112,6,6,12,4,6,10
3228522425,14,14,28,16,20,36
3228529263,2,4,6,1,0,1
3228550096,5,5,10,2,5,7
3228558233,2,2,4,1,2,3
3228566195,1,1,2,2,1,3
3228574922,3,4,7,5,2,7
3228578998,5,6,11,2,4,6
3228593263,2,1,3,2,3,5
3228597711,3,2,5,1,1,2
3228641599,2,5,7,4,0,4
3228648783,1,0,1,1,0,1
3228663714,13,13,26,4,11,15
3228741917,1,3,4,3,3,6
3228765275,11,9,20,1,1,2
3228776835,14,0,14,3,0,3
3228789601,1,1,2,1,1,2
3228801585,1,1,2,2,1,3
3228841762,1,0,1,2,0,2
3228856528,1,3,4,1,0,1
3228857477,2,3,5,1,0,1
3228892605,4,15,19,2,0,2
3228979249,6,6,12,5,6,11
3228982358,1,0,1,1,0,1
3228984917,1,0,1,2,1,3
3228990180,5,3,8,2,1,3
3228999716,2,2,4,1,2,3
3229003377,6,6,12,3,6,9
3229010925,4,4,8,4,4,8
3229068246,1,1,2,7,5,12
3229071640,1,0,1,2,0,2
3229073817,1,0,1,1,0,1
3229075063,1,1,2,1,1,2
3229076822,1,0,1,2,1,3
3229077083,1,1,2,2,1,3
3229079045,1,0,1,2,0,2
3229080771,1,1,2,3,2,5
3229096395,4,2,6,7,9,16
3229105145,1,4,5,1,0,1
3229108771,1,0,1,1,0,1
3229142741,1,4,5,2,0,2
3229160527,5,0,5,6,9,15
3229180456,1,1,2,4,2,6
3229196842,1,1,2,1,0,1
3229197224,2,2,4,1,0,1
3229213828,1,1,2,4,1,5
3229250121,5,4,9,6,5,11
3229263346,1,1,2,1,0,1
3229313151,1,1,2,1,1,2
3229327014,1,0,1,1,0,1
3229331313,1,0,1,1,0,1
3229388782,1,0,1,1,0,1
3229400382,6,6,12,7,7,14
3229441997,16,96,112,5,5,10
3229485933,8,9,17,9,9,18
3229494680,7,10,17,1,1,2
3229577529,1,0,1,3,1,4
3229578432,2,0,2,1,0,1
3229682690,1,0,1,1,0,1
3229783356,4,2,6,1,1,2
3229787145,1,0,1,1,0,1
3229787232,1,0,1,2,1,3
3229811820,6,5,11,1,1,2
3229820469,1,0,1,1,0,1
3229846978,2,6,8,1,0,1
3229860691,1,0,1,1,0,1
3229922431,1,0,1,1,0,1
3229926029,3,5,8,7,5,12
3230149942,5,12,17,2,2,4
3230239797,1,0,1,2,0,2
3230275433,5,26,31,1,0,1
3230314379,2,6,8,1,0,1
3230353324,4,4,8,2,4,6
3230360239,1,1,2,1,0,1
3230376015,15,15,30,7,15,22
3230404978,1,5,6,1,0,1
3230413229,6,6,12,2,6,8
3230423841,1,5,6,1,0,1
3230433131,10,10,20,11,10,21
3230440600,1,0,1,1,0,1
3230463815,3,0,3,1,0,1
3230468422,1,0,1,1,0,1
3230505961,7,7,14,1,9,10
3230524291,1,0,1,1,0,1
3230528021,21,21,42,3,23,26
3230529031,23,28,51,7,26,33
3230553031,1,1,2,2,2,4
3230570577,1,0,1,1,0,1
3230603903,13,13,26,9,13,22
3230677345,1,4,5,1,0,1
3230679619,1,2,3,1,0,1
3230682144,3,3,6,13,16,29
3230695008,1,1,2,2,1,3
3230708925,2,2,4,2,2,4
3230720468,1,1,2,1,1,2
3230729390,1,1,2,1,1,2
3230736954,1,1,2,4,1,5
3230759504,13,13,26,16,16,32
3230778736,2,6,8,1,1,2
3230821331,1,1,2,2,1,3
3230852749,1,0,1,1,0,1
3230898969,1,1,2,2,1,3
3230926443,3,3,6,6,3,9
3230937121,13,14,27,9,14,23
3230947820,1,0,1,1,0,1
3230973688,2,2,4,4,3,7
3230986786,2,0,2,1,0,1
3231053289,1,1,2,1,0,1
3231062679,1,1,2,1,1,2
3231071285,5,5,10,2,5,7
3231090426,1,0,1,2,0,2
3231135043,2,3,5,3,1,4
3231301736,1,4,5,1,0,1
3231360296,2,1,3,3,1,4
3231392645,3,3,6,3,3,6
3231401661,2,2,4,1,2,3
3231411042,6,6,12,9,6,15
3231460257,1,1,2,2,1,3
3231501287,4,0,4,9,0,9
3231574867,1,1,2,3,4,7
3231577222,3,3,6,4,3,7
3231585048,2,3,5,2,1,3
3231589632,4,4,8,6,3,9
3231629105,5,5,10,3,5,8
3231648781,4,4,8,2,5,7
3231652557,24,24,48,6,35,41
3231720206,7,7,14,11,18,29
3231774758,1,1,2,2,1,3
3231781906,1,1,2,1,1,2
3231788654,3,3,6,16,31,47
3231801655,5,8,13,4,4,8
3231835156,1,1,2,2,1,3
3231871406,2,2,4,1,2,3
3231933790,5,5,10,6,5,11
3231939415,5,0,5,1,3,4
3231946113,1,1,2,1,1,2
3231948361,4,4,8,4,4,8
3231949586,3,1,4,1,0,1
3231979735,5,10,15,1,1,2
3232002655,1,1,2,1,1,2
3232019730,4,4,8,1,2,3
3232101846,5,5,10,1,5,6
3232102183,2,2,4,2,2,4
3232115060,2,2,4,2,2,4
3232119740,3,3,6,4,3,7
3232126526,1,2,3,1,0,1
3232126762,2,5,7,2,1,3
3232134232,1,1,2,3,2,5
3232150077,1,0,1,1,0,1
3232150852,1,1,2,1,1,2
3232157069,3,2,5,4,1,5
3232182603,1,5,6,2,0,2
3232215221,1,4,5,1,1,2
3232268519,1,0,1,1,0,1
3232301928,1,1,2,1,1,2
3232357145,2,2,4,2,0,2
3232401360,6,0,6,2,0,2
3232404503,1,0,1,1,0,1
3232438793,4,4,8,5,4,9
3232475000,7,7,14,7,8,15
3232539895,6,5,11,8,6,14
3232552324,1,1,2,1,1,2
3232566267,1,1,2,3,1,4
3232592059,2,1,3,1,0,1
3232594452,1,3,4,2,1,3
3232669455,3,3,6,4,5,9
3232670129,2,1,3,4,1,5
3232671397,1,1,2,1,1,2
3232675471,5,5,10,2,5,7
3232679654,2,2,4,1,2,3
3232689105,1,1,2,2,1,3
3232691904,1,1,2,2,1,3
3232711427,1,1,2,3,1,4
3232715950,2,2,4,3,0,3
3232731143,2,0,2,2,0,2
3232835883,18,30,48,2,2,4
3232904615,5,6,11,2,2,4
3232932769,1,0,1,1,0,1
3232943678,1,2,3,1,0,1
3232990910,1,0,1,1,0,1
3233091976,1,0,1,1,0,1
3233092073,1,0,1,1,0,1
3233094572,9,13,22,2,2,4
3233131994,1,0,1,6,4,10
3233174406,1,0,1,2,0,2
3233175153,1,1,2,1,1,2
3233264502,1,1,2,1,0,1
3233397437,2,0,2,1,0,1
3233575642,7,27,34,1,1,2
3233789963,1,1,2,2,1,3
3233867860,1,0,1,1,0,1
3234043064,2,0,2,1,0,1
3234053787,1,2,3,2,2,4
3234065894,2,2,4,5,5,10
3234105975,12,12,24,4,12,16
3234115546,1,1,2,2,3,5
3234119455,1,3,4,5,3,8
3234130426,26,26,52,3,27,30
3234138504,1,0,1,3,0,3
3234152195,5,5,10,6,5,11
3234152217,2,2,4,1,2,3
3234155993,2,2,4,1,1,2
3234165322,2,9,11,10,0,10
3234182487,2,2,4,3,2,5
3234229310,1,1,2,1,1,2
3234235003,1,0,1,1,0,1
3234236661,1,4,5,1,0,1
3234253127,2,2,4,2,2,4
3234257351,1,1,2,3,2,5
3234259884,3,3,6,11,7,18
3234261530,1,1,2,1,1,2
3234264477,1,0,1,1,0,1
3234275152,2,2,4,2,1,3
3234282218,3,4,7,3,1,4
3234325630,2,5,7,2,0,2
3234328843,5,5,10,3,5,8
3234357424,4,4,8,8,6,14
3234364745,1,2,3,1,0,1
3234387620,1,1,2,2,1,3
3234389320,1,1,2,5,2,7
3234411357,1,1,2,2,1,3
3234493730,1,2,3,2,1,3
3234516854,6,6,12,2,7,9
3234520188,2,2,4,2,2,4
3234523329,5,5,10,2,2,4
3234544703,2,2,4,3,2,5
3234571284,5,5,10,3,5,8
3234691892,9,8,17,21,25,46
3234732349,2,6,8,1,0,1
3234735113,28,28,56,2,31,33
3234804067,7,7,14,11,10,21
3234828183,1,5,6,1,1,2
3234839608,1,1,2,1,1,2
3234916287,5,28,33,1,1,2
3234948085,1,1,2,1,1,2
3235010382,4,4,8,8,6,14
3235022674,1,0,1,3,0,3
3235085801,5,2,7,1,0,1
3235168764,2,2,4,2,2,4
3235179464,26,26,52,4,29,33
3235209505,4,4,8,5,4,9
3235249371,1,0,1,1,0,1
3235263554,1,1,2,2,2,4
3235279907,4,6,10,5,4,9
3235290986,1,0,1,1,0,1
3235311939,1,0,1,1,0,1
3235347485,23,26,49,7,23,30
3235388168,1,3,4,2,0,2
3235398219,4,4,8,3,4,7
3235449791,1,1,2,2,1,3
3235469054,2,2,4,10,3,13
3235492971,1,1,2,2,1,3
3235521243,1,2,3,1,0,1
3235533121,1,0,1,4,0,4
3235536790,1,3,4,1,1,2
3235573478,2,2,4,2,2,4
3235591406,2,2,4,4,3,7
3235643446,2,7,9,1,0,1
3235674977,1,1,2,2,1,3
3235677270,2,2,4,1,2,3
3235677447,1,26,27,2,0,2
3235680140,2,8,10,3,2,5
3235710432,1,0,1,6,0,6
3235716148,1,1,2,4,1,5
3235757739,5,5,10,1,5,6
3235775735,3,3,6,3,3,6
3235788643,1,0,1,1,0,1
3235887603,1,1,2,3,1,4
3235910881,2,2,4,4,2,6
3235947868,1,0,1,2,0,2
3235951406,1,1,2,2,1,3
3235970438,6,6,12,6,6,12
3235970937,4,4,8,3,4,7
3235990796,1,1,2,1,0,1
3236008018,1,0,1,1,0,1
3236014998,1,0,1,1,0,1
3236030119,1,1,2,1,1,2
3236075721,3,3,6,3,3,6
3236084542,4,9,13,1,1,2
3236114322,2,2,4,3,2,5
3236117549,1,0,1,1,0,1
3236120066,13,13,26,5,13,18
3236138651,5,5,10,1,5,6
3236138874,4,3,7,9,3,12
3236146057,4,6,10,6,5,11
3236151500,1,1,2,5,1,6
3236162443,11,11,22,3,11,14
3236163169,1,3,4,4,2,6
3236176796,2,2,4,5,1,6
3236185142,5,5,10,8,6,14
3236185453,1,1,2,2,1,3
3236209903,2,0,2,1,0,1
3236247779,26,26,52,4,27,31
3236272414,2,0,2,7,0,7
3236292101,1,1,2,1,0,1
3236306681,3,3,6,3,3,6
3236322044,2,2,4,2,2,4
3236325867,5,14,19,2,3,5
3236331367,1,1,2,1,1,2
3236349275,2,2,4,1,2,3
3236366664,2,2,4,1,2,3
3236388413,1,1,2,3,2,5
3236393939,1,1,2,5,3,8
3236395497,1,0,1,3,0,3
3236458634,3,3,6,3,3,6
3236501830,1,3,4,1,0,1
3236504090,3,8,11,2,1,3
3236515423,6,6,12,10,8,18
3236541577,6,6,12,8,6,14
3236587864,6,6,12,3,3,6
3236902760,1,0,1,2,0,2
3236903023,1,0,1,1,0,1
3236926002,1,0,1,2,1,3
3236926091,1,0,1,2,1,3
3236929369,1,0,1,2,1,3
3236935109,1,1,2,22,26,48
3236995537,1,0,1,3,0,3
3237238079,4,1,5,1,0,1
3237286218,1,0,1,1,0,1
3237291598,2,6,8,1,0,1
3237307369,3,2,5,1,1,2
3237342018,11,20,31,9,9,18
3237371879,8,27,35,1,1,2
3237493718,3,2,5,1,1,2
3237560294,3,13,16,1,1,2
3237672524,3,20,23,1,1,2
3237688401,1,1,2,1,1,2
3237692265,6,6,12,6,6,12
3237701455,1,1,2,2,1,3
3237703446,5,5,10,3,5,8
3237741166,4,4,8,4,4,8
3237746082,2,1,3,3,1,4
3237758883,2,10,12,2,0,2
3237763829,1,3,4,1,0,1
3237777468,1,0,1,3,0,3
3237779415,3,3,6,5,3,8
3237835287,1,1,2,1,1,2
3237854987,1,0,1,1,0,1
3237863505,6,8,14,4,4,8
3237900028,2,2,4,1,2,3
3237910450,8,8,16,3,8,11
3237929957,1,0,1,2,0,2
3237936347,2,2,4,2,2,4
3237957242,1,1,2,2,1,3
3237965606,2,2,4,2,2,4
3237982792,6,6,12,6,6,12
3238012390,1,3,4,2,0,2
3238016650,2,6,8,6,5,11
3238036362,1,1,2,1,1,2
3238046925,1,1,2,6,8,14
3238058462,1,1,2,1,1,2
3238082734,14,21,35,11,41,52
3238146970,5,4,9,3,4,7
3238158813,3,3,6,4,4,8
3238175607,3,3,6,2,3,5
3238197079,3,2,5,1,1,2
3238202787,5,5,10,5,5,10
3238227538,9,9,18,6,12,18
3238232687,1,1,2,1,0,1
3238246289,1,0,1,2,1,3
3238247056,1,1,2,1,1,2
3238251189,3,3,6,5,4,9
3238286297,3,3,6,3,3,6
3238312488,6,6,12,3,6,9
3238334443,5,0,5,2,0,2
3238338944,4,0,4,1,0,1
3238365116,4,0,4,2,0,2
3238429047,1,1,2,3,1,4
3238482111,3,3,6,3,3,6
3238570151,1,0,1,4,3,7
3238581666,4,3,7,6,3,9
3238616408,3,3,6,1,1,2
3238629859,7,7,14,4,7,11
3238669156,4,9,13,3,3,6
3238680606,1,1,2,1,1,2
3238719293,1,0,1,1,0,1
3238740112,3,3,6,2,2,4
3238800793,1,0,1,1,0,1
3238800854,1,1,2,3,1,4
3238812141,2,1,3,1,0,1
3238817105,10,22,32,4,4,8
3238818806,1,1,2,1,1,2
3238826613,4,11,15,6,7,13
3238835611,1,1,2,3,1,4
3238842221,1,5,6,1,1,2
3238852657,2,2,4,4,2,6
3238871325,1,1,2,1,1,2
3238880161,2,3,5,1,1,2
3238895455,5,5,10,1,5,6
3238911335,4,4,8,3,7,10
3238929100,4,4,8,1,4,5
3238930444,1,1,2,1,1,2
3238931751,1,1,2,3,1,4
3238934523,1,0,1,1,0,1
3238937421,9,15,24,4,8,12
3238950653,6,6,12,6,6,12
3238991224,4,4,8,2,4,6
3239005630,1,0,1,1,0,1
3239082764,8,8,16,6,8,14
3239130280,1,2,3,1,0,1
3239133803,1,1,2,2,2,4
3239144089,2,2,4,2,2,4
3239151025,1,0,1,1,0,1
3239219858,7,9,16,4,4,8
3239221395,1,0,1,1,0,1
3239311333,1,1,2,2,1,3
3239316374,2,19,21,1,0,1
3239379006,3,3,6,3,3,6
3239394863,1,1,2,1,1,2
3239403169,1,1,2,2,1,3
3239454975,1,0,1,1,0,1
3239497127,1,1,2,1,1,2
3239558313,13,13,26,9,14,23
3239561220,5,5,10,2,2,4
3239561564,1,1,2,3,1,4
3239581821,5,5,10,3,5,8
3239594405,12,12,24,6,12,18
3239602072,13,13,26,5,13,18
3239609997,1,0,1,1,11,12
3239629142,1,1,2,2,1,3
3239650585,2,0,2,1,0,1
3239660273,3,3,6,3,2,5
3239675365,7,7,14,8,7,15
3239690581,9,32,41,7,6,13
3239695001,1,0,1,1,0,1
3239731808,14,14,28,4,14,18
3239738137,8,8,16,9,8,17
3239748118,3,3,6,7,5,12
3239840445,3,0,3,3,2,5
3240252747,2,0,2,1,0,1
3240317088,20,25,45,10,10,20
3240619576,1,0,1,2,0,2
3240797601,1,1,2,5,8,13
3240831493,2,0,2,1,0,1
3241057566,1,2,3,8,4,12
3241328319,2,2,4,3,2,5
3241335183,12,12,24,3,12,15
3241357147,2,2,4,5,2,7
3241387057,1,0,1,1,0,1
3241399772,1,4,5,2,1,3
3241413635,1,1,2,1,0,1
3241435693,1,1,2,3,2,5
3241445999,1,1,2,2,1,3
3241471604,4,4,8,2,4,6
3241484508,1,5,6,1,0,1
3241485397,1,3,4,1,0,1
3241487377,1,5,6,1,0,1
3241490161,1,1,2,1,1,2
3241495308,1,1,2,1,1,2
3241504725,1,1,2,2,1,3
3241508979,11,11,22,5,11,16
3241518723,3,3,6,5,3,8
3241530023,15,15,30,2,15,17
3241541862,1,9,10,1,0,1
3241546085,1,4,5,1,0,1
3241549455,4,4,8,3,4,7
3241551748,2,2,4,2,2,4
3241552048,2,2,4,5,2,7
3241555206,1,1,2,3,1,4
3241559933,1,0,1,1,0,1
3241560445,1,6,7,1,0,1
3241560991,1,0,1,1,0,1
3241561248,1,5,6,1,0,1
3241561415,1,3,4,1,0,1
3241562075,1,0,1,1,0,1
3241562437,1,2,3,1,0,1
3241563378,1,3,4,1,0,1
3241563858,1,0,1,1,0,1
3241564328,1,0,1,1,0,1
3241565480,1,1,2,1,0,1
3241566885,1,4,5,1,0,1
3241567299,1,5,6,1,0,1
3241567528,1,5,6,1,0,1
3241568118,1,3,4,1,0,1
3241568327,1,0,1,1,0,1
3241568484,1,4,5,1,0,1
3241570199,2,0,2,2,2,4
3241586691,1,0,1,1,0,1
3241590398,7,7,14,9,7,16
3241591765,2,0,2,3,0,3
3241595367,2,0,2,1,0,1
3241596533,3,3,6,4,3,7
3241598089,2,2,4,1,2,3
3241620311,2,6,8,1,1,2
3241623673,1,1,2,6,2,8
3241633887,1,1,2,11,14,25
3241681147,24,39,63,5,22,27
3241716950,11,11,22,4,12,16
3241731660,1,1,2,1,1,2
3241734959,11,25,36,4,7,11
3241751591,5,5,10,8,5,13
3241755075,2,5,7,4,2,6
3241758672,4,4,8,8,23,31
3241792316,1,0,1,2,0,2
3241819936,5,5,10,1,5,6
3241852461,2,2,4,2,2,4
3241861541,3,1,4,1,1,2
3241867040,7,7,14,20,9,29
3241944136,8,32,40,3,3,6
3241945580,1,0,1,1,0,1
3241984328,1,1,2,2,1,3
3241986884,6,6,12,11,9,20
3242008869,9,9,18,5,9,14
3242013723,1,2,3,1,0,1
3242031893,4,4,8,5,5,10
3242075817,1,0,1,1,0,1
3242143835,7,7,14,1,7,8
3242166705,1,0,1,1,0,1
3242197550,1,1,2,1,0,1
3242210276,1,1,2,1,0,1
3242222085,1,3,4,1,0,1
3242236662,6,6,12,4,5,9
3242239207,2,2,4,2,2,4
3242260127,5,5,10,5,5,10
3242271722,2,2,4,1,2,3
3242320776,1,1,2,1,1,2
3242372055,3,3,6,4,3,7
3242375510,3,3,6,4,3,7
3242379087,1,0,1,1,0,1
3242404529,1,3,4,1,0,1
3242425051,1,0,1,1,0,1
3242458638,1,3,4,2,0,2
3242462679,14,27,41,12,36,48
3242465816,1,1,2,1,1,2
3242473665,2,9,11,2,2,4
3242480143,3,3,6,5,4,9
3242497585,3,3,6,8,3,11
3242519233,9,9,18,1,9,10
3242531807,11,11,22,5,11,16
3242538478,2,2,4,2,2,4
3242559451,9,9,18,3,9,12
3242605308,1,1,2,1,1,2
3242627773,1,2,3,3,2,5
3242653464,6,13,19,3,3,6
3242671521,1,2,3,2,2,4
3242737267,7,7,14,3,7,10
3242780222,1,0,1,2,0,2
3242801784,1,7,8,5,3,8
3242840147,4,4,8,5,4,9
3242849969,5,20,25,5,0,5
3242916655,3,3,6,1,3,4
3242945591,11,11,22,3,11,14
3242950108,6,6,12,4,6,10
3242974861,4,4,8,4,4,8
3242980094,1,5,6,4,0,4
3242994567,4,10,14,1,0,1
3243010980,2,2,4,2,2,4
3243017418,8,3,11,1,1,2
3243024617,2,8,10,1,0,1
3243074887,2,4,6,1,0,1
3243110390,1,0,1,1,0,1
3243112963,1,1,2,3,1,4
3243117565,1,1,2,2,1,3
3243125818,3,3,6,4,3,7
3243134540,2,2,4,2,2,4
3243143245,2,2,4,2,2,4
3243148644,1,2,3,1,0,1
3243175197,20,24,44,5,25,30
3243250616,1,1,2,9,3,12
3243267080,2,0,2,1,0,1
3243447629,1,4,5,1,0,1
3243456552,1,3,4,1,0,1
3243501995,1,0,1,1,0,1
3243718544,1,0,1,2,1,3
3243774187,1,3,4,2,0,2
3243906068,2,2,4,1,0,1
3244090776,2,0,2,2,1,3
3244187219,2,1,3,1,1,2
3244213759,11,21,32,5,5,10
3244284302,1,0,1,1,0,1
3244406289,6,13,19,1,1,2
3244659909,1,3,4,2,0,2
3244674181,1,0,1,1,0,1
3244674422,4,12,16,6,2,8
3244675240,2,2,4,2,2,4
3244675358,2,2,4,2,2,4
3244675768,8,10,18,3,3,6
3244679105,1,1,2,1,0,1
3244700559,1,1,2,1,1,2
3244713382,3,3,6,4,3,7
3244713525,1,3,4,2,0,2
3244713996,1,7,8,1,0,1
3244720399,11,17,28,10,10,20
3244748120,6,15,21,3,1,4
3244770305,1,1,2,3,1,4
3244771668,3,3,6,3,4,7
3244780013,1,1,2,1,1,2
3244781360,1,3,4,1,1,2
3244785934,1,2,3,1,0,1
3244813606,2,2,4,3,1,4
3244813942,1,4,5,1,0,1
3244814125,1,3,4,1,0,1
3244814330,1,5,6,1,0,1
3244814429,3,2,5,2,3,5
3244854969,1,2,3,1,0,1
3244855226,20,20,40,10,20,30
3244866722,1,2,3,1,0,1
3244874544,2,1,3,2,2,4
3244876392,2,6,8,2,0,2
3244879925,1,0,1,1,0,1
3244886689,6,6,12,5,4,9
3244892409,1,1,2,1,0,1
3244901827,7,7,14,4,7,11
3244906100,1,1,2,2,0,2
3244912173,1,1,2,1,0,1
3244931901,1,0,1,1,0,1
3244935699,1,1,2,1,1,2
3244943655,1,0,1,3,0,3
3244946297,1,0,1,3,0,3
3244946525,2,2,4,1,2,3
3244946750,1,0,1,1,0,1
3244955615,1,1,2,2,1,3
3244962634,1,4,5,1,0,1
3244967392,9,0,9,2,0,2
3244968670,1,2,3,5,0,5
3244969759,1,2,3,5,0,5
3244980226,1,1,2,3,1,4
3244989711,8,0,8,3,1,4
3244994197,3,7,10,1,0,1
3245012811,1,1,2,1,1,2
3245023343,1,1,2,2,1,3
3245024260,1,4,5,1,0,1
3245027810,3,3,6,3,3,6
3245050310,3,0,3,3,0,3
3245067408,1,3,4,6,3,9
3245109872,1,1,2,3,1,4
3245113732,1,6,7,1,0,1
3245132202,3,3,6,2,1,3
3245140415,1,1,2,2,1,3
3245144498,15,39,54,10,10,20
3245162552,1,3,4,1,0,1
3245203160,2,2,4,1,2,3
3245209713,6,8,14,1,0,1
3245227882,2,0,2,1,0,1
3245242008,1,3,4,1,0,1
3245244605,1,8,9,2,0,2
3245259033,8,21,29,1,1,2
3245259838,4,6,10,1,1,2
3245264938,7,9,16,2,6,8
3245274168,1,3,4,1,0,1
3245276265,6,0,6,2,0,2
3245277603,1,5,6,3,0,3
3245279751,1,9,10,1,0,1
3245281096,1,1,2,1,0,1
3245281456,6,10,16,2,2,4
3245282305,1,4,5,1,1,2
3245282628,6,0,6,5,0,5
3245282809,1,0,1,1,0,1
3245288522,2,2,4,1,2,3
3245290411,15,18,33,6,14,20
3245291151,1,0,1,1,0,1
3245293761,1,3,4,1,1,2
3245295265,9,0,9,3,0,3
3245296189,7,24,31,5,5,10
3245297906,10,13,23,4,10,14
3245302552,4,3,7,1,2,3
3245304723,1,5,6,1,0,1
3245305507,3,3,6,4,3,7
3245306188,6,6,12,3,6,9
3245308737,1,3,4,1,0,1
3245309028,15,0,15,2,0,2
3245309454,2,2,4,2,2,4
3245315789,1,1,2,2,1,3
3245318771,1,7,8,1,0,1
3245323293,1,4,5,1,0,1
3245324233,24,24,48,6,23,29
3245326510,1,5,6,1,1,2
3245329971,1,4,5,1,0,1
3245331456,9,31,40,7,7,14
3245331760,1,4,5,1,0,1
3245332464,1,3,4,1,0,1
3245336541,4,4,8,1,4,5
3245341408,1,2,3,1,0,1
3245350561,1,2,3,1,0,1
3245351361,1,0,1,1,0,1
3245376411,2,4,6,1,0,1
3245393935,1,3,4,2,2,4
3245397618,2,2,4,2,2,4
3245397844,1,1,2,1,1,2
3245398958,2,2,4,2,2,4
3245417432,1,1,2,4,1,5
3245422636,2,0,2,1,0,1
3245428259,4,6,10,1,3,4
3245430812,1,2,3,2,0,2
3245432991,8,0,8,2,0,2
3245438649,2,2,4,2,3,5
3245438907,2,0,2,1,0,1
3245443821,2,5,7,1,0,1
3245457530,1,1,2,1,1,2
3245458950,1,4,5,1,0,1
3245459609,3,3,6,2,4,6
3245464844,10,0,10,3,0,3
3245469802,2,2,4,2,2,4
3245471385,4,4,8,3,4,7
3245497697,1,5,6,1,0,1
3245503277,1,1,2,2,1,3
3245508660,3,3,6,3,5,8
3245518687,2,4,6,1,1,2
3245519518,1,1,2,1,0,1
3245519783,2,2,4,2,2,4
3245521501,2,10,12,3,3,6
3245525995,2,15,17,3,0,3
3245528733,1,0,1,1,0,1
3245541467,2,6,8,6,6,12
3245572178,1,0,1,1,0,1
3245583503,1,4,5,1,0,1
3245593011,2,9,11,3,3,6
3245617243,2,1,3,1,1,2
3245666356,2,3,5,3,3,6
3245678126,1,0,1,2,1,3
3245700731,1,0,1,1,0,1
3245731326,1,0,1,1,2,3
3245749551,1,0,1,1,0,1
3245778625,1,6,7,1,0,1
3245783978,24,24,48,6,28,34
3245787951,3,15,18,10,7,17
3245790408,1,3,4,1,0,1
3245793820,1,4,5,2,0,2
3245806407,1,7,8,4,0,4
3245812416,1,5,6,1,0,1
3245814256,5,7,12,4,5,9
3245818856,1,7,8,1,0,1
3245819742,1,1,2,1,0,1
3245820697,2,0,2,2,0,2
3245826390,1,1,2,3,1,4
3245828509,1,0,1,1,0,1
3245828985,1,2,3,1,0,1
3245830322,2,0,2,3,0,3
3245830409,1,1,2,1,0,1
3245831120,1,3,4,1,0,1
3245835810,1,1,2,1,0,1
3245839065,4,4,8,2,4,6
3245844192,1,3,4,1,0,1
3245847893,5,5,10,6,5,11
3245851543,2,2,4,3,2,5
3245860358,1,6,7,1,0,1
3245863148,1,3,4,1,0,1
3245869720,1,8,9,1,0,1
3245881028,1,1,2,1,0,1
3245883561,1,8,9,1,0,1
3245885207,1,3,4,2,0,2
3245885396,17,17,34,3,17,20
3245887006,1,1,2,2,1,3
3245893705,1,1,2,1,0,1
3245957596,1,4,5,1,0,1
3245961517,5,4,9,3,4,7
3245963295,1,0,1,1,0,1
3245964200,1,5,6,1,0,1
3245964758,2,2,4,3,2,5
3245969085,1,3,4,4,1,5
3245969622,2,13,15,1,0,1
3245975469,1,0,1,1,0,1
3245977912,1,5,6,1,0,1
3245979297,1,4,5,1,0,1
3245980200,2,3,5,3,1,4
3245981090,1,3,4,3,0,3
3245983082,1,4,5,1,0,1
3245984112,17,17,34,5,18,23
3245986490,5,5,10,2,4,6
3245990498,1,3,4,1,0,1
3245997860,1,5,6,1,0,1
3246002338,4,0,4,3,0,3
3246006547,2,4,6,2,1,3
3246009277,5,8,13,3,3,6
3246010237,1,5,6,1,0,1
3246021179,1,6,7,1,0,1
3246022621,1,1,2,1,0,1
3246022658,1,8,9,1,0,1
3246025329,1,4,5,1,0,1
3246027519,1,0,1,2,0,2
3246043102,1,0,1,2,0,2
3246043149,3,5,8,4,2,6
3246046690,1,1,2,1,0,1
3246054310,1,2,3,3,2,5
3246062051,1,5,6,1,0,1
3246082902,3,3,6,3,4,7
3246086294,20,20,40,10,20,30
3246087479,1,0,1,1,0,1
3246101692,2,2,4,3,2,5
3246104231,1,2,3,3,1,4
3246107175,2,6,8,1,1,2
3246108339,1,2,3,2,0,2
3246121444,3,5,8,7,6,13
3246137741,3,2,5,4,3,7
3246149100,1,6,7,1,0,1
3246149328,1,1,2,1,1,2
3246158202,1,1,2,1,1,2
3246159312,1,0,1,3,0,3
3246163398,2,0,2,2,0,2
3246176883,14,28,42,10,10,20
3246179308,2,3,5,2,1,3
3246185875,1,4,5,1,0,1
3246186515,1,2,3,2,2,4
3246198172,1,4,5,1,0,1
3246210420,2,4,6,1,6,7
3246218238,1,0,1,1,0,1
3246226268,19,19,38,11,20,31
3246232343,4,6,10,1,1,2
3246234656,1,1,2,1,1,2
3246235627,1,0,1,1,0,1
3246254656,10,10,20,1,10,11
3246255958,1,6,7,1,0,1
3246256715,1,1,2,2,1,3
3246257731,2,0,2,2,0,2
3246269313,1,3,4,1,0,1
3246271979,17,17,34,3,17,20
3246273554,1,1,2,4,1,5
3246283583,4,7,11,1,1,2
3246283643,1,1,2,1,0,1
3246297835,1,0,1,1,0,1
3246298256,1,7,8,3,0,3
3246300331,1,5,6,1,0,1
3246302743,1,1,2,1,0,1
3246309000,1,3,4,1,0,1
3246309074,1,4,5,1,0,1
3246309767,1,10,11,2,0,2
3246312013,2,7,9,2,1,3
3246316023,1,4,5,1,0,1
3246318399,3,3,6,1,0,1
3246321173,1,0,1,1,0,1
3246334136,1,1,2,3,1,4
3246334492,4,5,9,4,4,8
3246340670,1,1,2,1,0,1
3246346774,1,3,4,2,0,2
3246346908,1,1,2,1,0,1
3246351740,1,1,2,1,1,2
3246352296,1,5,6,1,0,1
3246366221,1,1,2,1,0,1
3246366800,1,1,2,2,2,4
3246385882,1,3,4,2,2,4
3246392685,1,1,2,2,0,2
3246393979,1,0,1,3,0,3
3246394838,1,7,8,1,0,1
3246409643,5,5,10,6,5,11
3246410550,9,9,18,4,12,16
3246413214,1,0,1,1,0,1
3246416397,2,2,4,2,2,4
3246417510,5,10,15,1,1,2
3246438326,2,3,5,4,3,7
3246444994,2,6,8,5,3,8
3246446530,3,3,6,4,3,7
3246453941,1,0,1,6,0,6
3246462674,1,1,2,1,1,2
3246466744,1,10,11,1,0,1
3246466894,2,2,4,3,2,5
3246473863,2,5,7,1,1,2
3246477895,2,2,4,1,2,3
3246485237,1,5,6,1,0,1
3246493189,8,8,16,9,8,17
3246495087,1,4,5,1,0,1
3246498695,1,3,4,1,0,1
3246511165,1,5,6,1,0,1
3246517552,1,1,2,1,1,2
3246521358,1,4,5,1,0,1
3246524588,1,1,2,2,2,4
3246527150,1,3,4,1,0,1
3246530505,2,6,8,1,0,1
3246533137,19,19,38,11,24,35
3246541393,3,4,7,1,1,2
3246556206,1,1,2,1,0,1
3246564889,1,0,1,1,0,1
3246576155,1,0,1,1,0,1
3246737171,4,4,8,1,1,2
3246750193,7,10,17,5,5,10
3246807381,1,4,5,1,0,1
3246824760,1,3,4,1,0,1
3246833438,2,15,17,18,14,32
3246850202,1,3,4,1,0,1
3246852543,2,2,4,3,3,6
3246855312,1,1,2,2,1,3
3246892450,1,0,1,1,0,1
3246893653,1,2,3,1,0,1
3246901326,1,6,7,1,0,1
3246908735,1,0,1,2,7,9
3246916004,6,6,12,4,6,10
3246922974,1,0,1,1,0,1
3246923647,1,0,1,1,0,1
3246948778,1,6,7,6,4,10
3246949923,4,2,6,1,1,2
3246968019,2,1,3,1,0,1
3246973905,12,12,24,5,12,17
3246975044,25,30,55,1,24,25
3246976008,1,3,4,4,0,4
3246982201,2,2,4,4,2,6
3246987593,1,4,5,1,0,1
3247010519,1,6,7,2,0,2
3247020999,1,1,2,2,1,3
3247027221,1,1,2,1,0,1
3247027957,1,0,1,1,0,1
3247028480,1,0,1,1,0,1
3247034983,1,3,4,1,0,1
3247059498,1,4,5,1,0,1
3247076807,1,3,4,2,0,2
3247097974,1,4,5,1,0,1
3247120247,2,2,4,3,2,5
3247122118,2,6,8,1,0,1
3247133826,5,8,13,2,4,6
3247140216,2,2,4,2,1,3
3247235367,2,11,13,1,0,1
3247240378,9,9,18,2,9,11
3247253617,8,8,16,8,8,16
3247257395,1,1,2,3,1,4
3247267634,3,2,5,2,2,4
3247289395,3,3,6,1,3,4
3247330947,1,1,2,1,1,2
3247367067,1,6,7,2,0,2
3247376022,1,3,4,2,0,2
3247380093,1,6,7,2,0,2
3247390739,1,1,2,2,1,3
3247393087,11,11,22,7,11,18
3247396053,1,4,5,2,0,2
3247396245,5,4,9,3,3,6
3247403285,10,10,20,11,12,23
3247438789,1,1,2,4,0,4
3247457124,1,1,2,1,1,2
3247466221,1,7,8,1,0,1
3247473376,3,9,12,2,1,3
3247559162,2,10,12,2,3,5
3247566454,1,0,1,3,0,3
3247572732,18,47,65,12,12,24
3247581482,4,4,8,2,4,6
3247600925,1,4,5,2,0,2
3247603365,1,1,2,1,0,1
3247618885,1,3,4,1,0,1
3247648685,4,1,5,1,1,2
3247657494,4,6,10,8,8,16
3247663118,1,0,1,1,0,1
3247674767,15,15,30,8,18,26
3247691466,1,0,1,1,0,1
3247692427,2,5,7,1,1,2
3247719401,2,3,5,3,1,4
3247722748,2,2,4,1,2,3
3247725112,3,0,3,2,5,7
3247740690,23,25,48,7,23,30
3247741667,1,0,1,1,0,1
3247787814,1,2,3,1,0,1
3247805147,1,4,5,2,0,2
3247831145,1,0,1,1,0,1
3247831758,4,4,8,2,4,6
3247852290,1,0,1,3,0,3
3247869356,3,3,6,2,3,5
3247878537,6,13,19,3,2,5
3247899808,2,9,11,3,0,3
3247903338,1,2,3,1,0,1
3247926012,1,1,2,2,0,2
3247939597,1,1,2,2,1,3
3247961388,3,7,10,1,0,1
3247966356,1,0,1,1,0,1
3247986120,1,1,2,2,1,3
3248009762,12,14,26,8,13,21
3248022989,1,1,2,2,1,3
3248044564,1,0,1,1,0,1
3248057032,1,4,5,1,0,1
3248108623,1,2,3,1,0,1
3248125708,1,4,5,2,0,2
3248133787,1,0,1,1,0,1
3248155280,7,8,15,10,8,18
3248185043,2,3,5,1,0,1
3248186462,1,0,1,1,0,1
3248210397,7,29,36,1,0,1
3248221097,2,4,6,1,0,1
3248221627,1,3,4,3,3,6
3248240961,1,0,1,3,0,3
3248244894,3,3,6,3,3,6
3248252764,1,3,4,2,0,2
3248272778,2,2,4,2,2,4
3248277235,2,2,4,3,2,5
3248285268,1,5,6,1,0,1
3248310871,3,3,6,3,3,6
3248319097,5,26,31,1,1,2
3248348478,2,2,4,4,3,7
3248366640,1,0,1,1,0,1
3248367840,3,3,6,4,3,7
3248396062,5,5,10,2,5,7
3248401408,1,1,2,2,1,3
3248415152,1,1,2,1,0,1
3248440017,2,2,4,5,2,7
3248448092,9,9,18,7,9,16
3248493581,2,2,4,1,2,3
3248518258,1,0,1,13,0,13
3248519065,1,1,2,1,1,2
3248536007,1,1,2,2,0,2
3248551773,1,4,5,1,0,1
3248574514,2,2,4,2,2,4
3248627463,2,2,4,2,3,5
3248641118,1,1,2,1,1,2
3248651392,2,4,6,2,1,3
3248668849,2,2,4,2,2,4
3248702175,1,0,1,1,0,1
3248707153,6,6,12,10,6,16
3248720808,3,2,5,2,2,4
3248786765,1,3,4,1,0,1
3248818585,1,0,1,1,0,1
3248819542,1,3,4,1,0,1
3248842865,1,1,2,1,1,2
3248850750,2,4,6,1,1,2
3248855778,1,0,1,1,0,1
3248903618,1,2,3,1,0,1
3248910633,1,5,6,1,0,1
3248956515,1,1,2,2,1,3
3248956761,5,5,10,9,5,14
3248957693,1,1,2,1,0,1
3249026471,1,1,2,4,3,7
3249032709,4,4,8,5,4,9
3249037469,1,1,2,1,1,2
3249052943,2,2,4,3,2,5
3249074818,2,1,3,1,0,1
3249076727,1,1,2,2,1,3
3249366603,3,0,3,1,0,1
3249411503,6,22,28,1,1,2
3249451796,1,0,1,1,0,1
3249484179,1,0,1,1,0,1
3249637542,7,5,12,1,0,1
3249840983,1,0,1,1,0,1
3249998790,12,0,12,5,0,5
3250310499,2,1,3,1,1,2
3250327564,1,0,1,2,0,2
3250343522,1,1,2,2,2,4
3250415161,2,1,3,1,1,2
3250416700,5,10,15,2,2,4
3250416862,1,0,1,3,1,4
3250440088,7,7,14,13,10,23
3250440446,1,0,1,2,1,3
3250441654,1,6,7,1,0,1
3250455355,14,14,28,16,16,32
3250468379,3,1,4,1,1,2
3250478554,1,3,4,1,0,1
3250493309,1,5,6,1,0,1
3250531568,1,1,2,1,0,1
3250532766,1,1,2,1,1,2
3250546916,10,10,20,5,9,14
3250554615,1,6,7,3,0,3
3250559756,1,5,6,1,0,1
3250571711,2,2,4,3,2,5
3250573842,1,4,5,1,0,1
3250575252,1,5,6,1,0,1
3250587464,2,13,15,1,2,3
3250619896,1,1,2,1,0,1
3250626838,4,15,19,1,1,2
3250629737,2,2,4,1,2,3
3250665688,1,10,11,1,0,1
3250679663,1,1,2,2,1,3
3250681114,2,2,4,1,2,3
3250681762,11,11,22,8,8,16
3250682331,7,7,14,3,2,5
3250684390,2,2,4,2,2,4
3250718604,2,7,9,3,0,3
3250724656,2,4,6,1,1,2
3250727099,22,24,46,8,22,30
3250731596,1,1,2,5,3,8
3250747995,19,19,38,11,20,31
3250754121,1,1,2,1,0,1
3250759109,2,2,4,2,2,4
3250777465,1,7,8,1,1,2
3250793139,1,1,2,1,1,2
3250802775,2,4,6,2,1,3
3250824111,7,7,14,4,9,13
3250872097,1,0,1,1,0,1
3250896779,2,2,4,5,2,7
3251023984,2,3,5,4,1,5
3251059699,1,1,2,5,0,5
3251069880,5,5,10,3,5,8
3251070841,2,4,6,1,0,1
3251081701,1,1,2,2,1,3
3251087247,2,2,4,4,2,6
3251093724,1,1,2,2,1,3
3251125731,1,1,2,4,4,8
3251197547,7,6,13,2,1,3
3251218570,1,0,1,1,1,2
3251281529,1,6,7,2,0,2
3251309357,8,8,16,10,10,20
3251312227,4,5,9,2,3,5
3251340157,6,6,12,4,7,11
3251348742,3,13,16,8,8,16
3251397127,2,2,4,2,3,5
3251397661,7,7,14,5,7,12
3251398674,1,0,1,3,0,3
3251439719,8,15,23,2,2,4
3251459747,1,1,2,1,1,2
3251489349,1,1,2,2,1,3
3251491835,1,2,3,1,0,1
3251530578,1,0,1,1,0,1
3251576431,1,1,2,1,0,1
3251605037,12,15,27,6,11,17
3251615613,4,4,8,7,7,14
3251640244,1,1,2,2,2,4
3251653522,1,1,2,2,0,2
3251684847,2,2,4,2,0,2
3251730989,13,13,26,5,15,20
3251731325,4,4,8,7,4,11
3251767163,1,0,1,1,0,1
3251810439,8,9,17,7,12,19
3251814681,4,4,8,2,2,4
3251946997,1,5,6,1,0,1
3251960116,1,1,2,1,0,1
3251983271,3,3,6,3,2,5
3252065228,2,2,4,2,1,3
3252077279,4,4,8,4,4,8
3252115223,4,13,17,9,8,17
3252117147,2,1,3,1,0,1
3252160835,1,0,1,2,1,3
3252172606,1,1,2,3,1,4
3252180624,2,2,4,2,2,4
3252206547,1,3,4,1,0,1
3252242717,6,19,25,3,5,8
3252255913,6,0,6,9,0,9
3252292855,11,11,22,6,11,17
3252335591,14,27,41,5,5,10
3252385222,1,1,2,1,0,1
3252488273,2,5,7,3,2,5
3252521352,2,2,4,3,2,5
3252535072,1,1,2,3,2,5
3252603978,12,16,28,11,16,27
3252632174,4,4,8,1,4,5
3252638417,1,0,1,1,0,1
3252654189,1,7,8,1,0,1
3252654582,1,1,2,2,1,3
3252672930,1,3,4,1,0,1
3252674959,2,2,4,3,2,5
3252687920,1,5,6,2,0,2
3252713921,1,1,2,2,0,2
3252718061,2,2,4,5,3,8
3252739706,4,3,7,1,1,2
3252779862,3,2,5,5,2,7
3252786326,1,1,2,1,1,2
3252808925,1,0,1,1,0,1
3252814882,1,0,1,3,1,4
3252821603,15,15,30,5,16,21
3252835264,5,5,10,5,5,10
3252919519,9,9,18,5,9,14
3252986505,17,17,34,4,15,19
3252991718,1,2,3,3,0,3
3253008710,9,9,18,7,10,17
3253052669,4,1,5,1,1,2
3253059537,1,1,2,1,1,2
3253080436,4,29,33,1,0,1
3253080490,2,2,4,2,2,4
3253117439,1,1,2,1,1,2
3253133691,1,3,4,2,1,3
3253140454,3,14,17,22,26,48
3253143578,4,4,8,6,4,10
3253171720,6,41,47,3,0,3
3253190643,1,6,7,4,0,4
3253192160,1,1,2,3,1,4
3253209763,1,5,6,1,0,1
3253215217,8,8,16,6,8,14
3253215483,1,1,2,1,1,2
3253227251,3,0,3,14,0,14
3253236275,5,6,11,3,4,7
3253244557,1,1,2,1,0,1
3253285828,2,1,3,3,1,4
3253291299,2,2,4,2,2,4
3253298964,4,0,4,1,0,1
3253328738,22,23,45,8,21,29
3253350386,1,9,10,3,0,3
3253378075,3,3,6,1,3,4
3253420450,3,22,25,1,0,1
3253423506,5,7,12,1,0,1
3253424846,2,4,6,1,0,1
3253424894,2,7,9,3,0,3
3253448597,7,7,14,8,7,15
3253454706,3,3,6,4,3,7
3253477854,2,2,4,2,2,4
3253479609,1,0,1,1,0,1
3253485553,2,3,5,1,1,2
3253486172,2,5,7,3,2,5
3253492311,1,2,3,2,0,2
3253497703,1,1,2,1,1,2
3253507375,3,3,6,2,3,5
3253517563,1,1,2,4,2,6
3253524415,1,5,6,1,0,1
3253526600,1,1,2,1,0,1
3253536015,1,3,4,1,1,2
3253571555,1,6,7,5,0,5
3253593117,1,1,2,2,2,4
3253643080,1,2,3,2,0,2
3253644211,7,0,7,1,2,3
3253646711,1,2,3,4,0,4
3253681496,1,0,1,3,1,4
3253682618,1,0,1,2,1,3
3253774643,2,3,5,3,3,6
3253782757,13,15,28,1,1,2
3253887267,1,0,1,1,0,1
3253933770,4,4,8,2,2,4
3253977178,8,11,19,2,2,4
3253979558,1,1,2,2,4,6
3254068818,2,1,3,1,1,2
3254261062,4,14,18,1,0,1
3254317559,1,2,3,2,0,2
3254394645,1,4,5,1,0,1
3254423522,1,1,2,3,2,5
3254464629,11,11,22,5,11,16
3254467210,2,2,4,2,0,2
3254468102,6,5,11,4,5,9
3254474166,14,20,34,8,13,21
3254482258,1,1,2,2,1,3
3254482894,2,15,17,1,0,1
3254496609,1,0,1,1,0,1
3254523751,5,12,17,2,1,3
3254536719,3,2,5,4,2,6
3254568601,1,2,3,1,0,1
3254570101,2,2,4,2,2,4
3254572524,1,0,1,1,0,1
3254605988,1,6,7,1,0,1
3254607161,1,4,5,3,0,3
3254615994,1,1,2,2,0,2
3254652742,11,11,22,1,12,13
3254656615,1,6,7,1,0,1
3254689580,2,2,4,1,0,1
3254709536,2,2,4,1,0,1
3254709753,1,0,1,2,0,2
3254710116,1,0,1,1,0,1
3254710457,1,0,1,1,0,1
3254711000,1,0,1,1,0,1
3254714553,9,9,18,13,13,26
3254722972,1,1,2,1,1,2
3254734809,1,4,5,1,1,2
3254747813,2,1,3,1,1,2
3254767681,1,0,1,1,0,1
3254793947,2,2,4,2,2,4
3254795783,5,7,12,1,1,2
3254807021,6,6,12,3,6,9
3254820907,1,2,3,2,0,2
3254877390,1,2,3,1,0,1
3254896016,1,3,4,1,0,1
3254897818,4,0,4,2,0,2
3254908171,1,1,2,1,1,2
3254934443,3,3,6,1,3,4
3254941496,2,6,8,3,2,5
3254954448,8,8,16,4,8,12
3255008497,2,0,2,2,0,2
3255015105,1,3,4,2,0,2
3255016586,1,4,5,1,0,1
3255026962,1,0,1,1,0,1
3255064680,2,1,3,1,1,2
3255091853,1,3,4,5,1,6
3255095580,1,4,5,1,0,1
3255095934,11,11,22,8,11,19
3255106748,5,5,10,3,5,8
3255113575,4,4,8,7,5,12
3255130444,6,6,12,6,6,12
3255139387,1,0,1,2,0,2
3255152098,1,0,1,1,0,1
3255177775,3,4,7,1,1,2
3255195388,1,1,2,2,1,3
3255208462,4,0,4,19,0,19
3255220471,1,3,4,1,0,1
3255222056,1,1,2,2,0,2
3255263613,1,4,5,1,0,1
3255269165,1,1,2,3,0,3
3255290385,17,17,34,13,17,30
3255292272,1,1,2,1,1,2
3255300538,1,3,4,1,0,1
3255305692,1,1,2,2,0,2
3255334368,1,0,1,1,0,1
3255353964,2,3,5,3,1,4
3255359786,1,3,4,4,1,5
3255459724,2,2,4,2,2,4
3255459755,1,0,1,2,0,2
3255471929,3,3,6,6,3,9
3255484188,1,0,1,1,0,1
3255492502,1,5,6,1,0,1
3255507938,11,10,21,8,10,18
3255541551,1,1,2,2,1,3
3255550875,1,3,4,1,0,1
3255557736,5,5,10,3,6,9
3255565650,3,3,6,1,3,4
3255571498,1,1,2,3,1,4
3255598859,3,2,5,3,1,4
3255608624,2,2,4,4,2,6
3255622824,1,1,2,5,1,6
3255623215,5,4,9,7,4,11
3255631797,2,5,7,2,1,3
3255641734,4,8,12,7,5,12
3255663862,1,3,4,5,4,9
3255672073,1,3,4,1,0,1
3255731199,12,12,24,10,13,23
3255737322,1,0,1,2,0,2
3255743547,3,3,6,1,0,1
3255756604,3,3,6,3,3,6
3255766653,1,7,8,1,0,1
3255794754,1,3,4,1,0,1
3255799519,1,0,1,1,0,1
3255802721,11,11,22,4,28,32
3255831466,1,1,2,1,1,2
3255831690,1,7,8,1,0,1
3255854840,18,18,36,12,23,35
3255873353,23,23,46,7,24,31
3255896293,4,0,4,2,0,2
3255899009,1,2,3,1,0,1
3255906624,5,10,15,2,2,4
3255923477,6,6,12,4,7,11
3255945285,1,0,1,1,0,1
3255965190,12,14,26,4,10,14
3255981426,1,1,2,1,0,1
3255988111,2,4,6,2,1,3
3256005018,1,0,1,1,0,1
3256006046,2,1,3,2,1,3
3256006980,1,4,5,1,0,1
3256012955,1,6,7,1,0,1
3256018063,2,2,4,24,28,52
3256035121,1,2,3,1,0,1
3256123447,1,0,1,1,0,1
3256148316,1,1,2,1,1,2
3256164146,1,1,2,1,1,2
3256172444,3,19,22,12,22,34
3256186552,1,0,1,1,0,1
3256194521,1,1,2,1,0,1
3256218178,3,12,15,2,0,2
3256234747,1,2,3,1,0,1
3256236380,3,3,6,5,3,8
3256255880,4,4,8,4,5,9
3256257821,2,2,4,2,2,4
3256285646,1,2,3,1,0,1
3256328120,1,7,8,5,0,5
3256396149,2,1,3,1,3,4
3256414342,1,2,3,1,1,2
3256422005,1,1,2,5,2,7
3256437502,1,0,1,1,0,1
3256440172,1,1,2,2,1,3
3256502507,1,0,1,1,0,1
3256504090,1,2,3,1,0,1
3256551988,2,2,4,5,2,7
3256558725,7,4,11,2,2,4
3256587576,1,1,2,2,1,3
3256596335,2,2,4,9,4,13
3256597045,4,4,8,7,4,11
3256599328,2,2,4,6,2,8
3256608970,1,1,2,1,1,2
3256611283,18,18,36,12,21,33
3256611410,3,0,3,4,0,4
3256618558,4,4,8,2,9,11
3256628270,2,3,5,2,1,3
3256664617,4,3,7,17,19,36
3256695032,4,4,8,3,4,7
3256695819,1,3,4,2,3,5
3256738205,1,9,10,1,0,1
3256743807,1,1,2,1,0,1
3256751857,2,3,5,2,1,3
3256767378,18,21,39,2,17,19
3256792723,1,6,7,1,0,1
3256797542,1,1,2,2,1,3
3256807056,2,2,4,4,3,7
3257010125,2,3,5,1,1,2
3257063165,1,1,2,1,0,1
3257135037,1,2,3,2,2,4
3257283089,1,0,1,1,0,1
3257326200,6,18,24,3,1,4
3257422979,2,5,7,1,1,2
3257453481,4,4,8,2,2,4
3257589270,5,6,11,1,1,2
3257650907,3,0,3,1,0,1
3257669676,4,13,17,1,1,2
3257694940,10,11,21,4,4,8
3257742722,4,22,26,2,0,2
3257766913,9,27,36,6,6,12
3257781001,4,0,4,1,0,1
3257781917,4,0,4,3,0,3
3257781922,5,7,12,3,3,6
3257938527,4,0,4,2,0,2
3257975820,1,2,3,1,0,1
3258007280,16,23,39,12,11,23
3258012968,18,30,48,12,12,24
3258030501,6,15,21,2,2,4
3258035566,5,5,10,2,4,6
3258060043,1,4,5,2,0,2
3258107196,1,8,9,1,0,1
3258111477,1,2,3,1,0,1
3258122137,1,4,5,1,0,1
3258126895,1,5,6,1,0,1
3258138339,1,6,7,1,0,1
3258175894,1,1,2,2,1,3
3258179740,1,1,2,2,1,3
3258181210,1,1,2,2,1,3
3258260367,2,2,4,5,2,7
3258272272,1,2,3,2,0,2
3258277170,3,3,6,2,2,4
3258278870,2,0,2,2,0,2
3258279059,2,0,2,1,0,1
3258292540,7,8,15,9,12,21
3258300413,2,5,7,1,0,1
3258322324,1,4,5,1,0,1
3258332257,1,5,6,1,0,1
3258336789,1,7,8,4,0,4
3258342878,10,10,20,3,10,13
3258358373,3,0,3,2,0,2
3258374483,1,6,7,1,0,1
3258376527,5,5,10,4,5,9
3258385992,2,2,4,2,2,4
3258386407,1,2,3,1,0,1
3258386519,4,9,13,1,1,2
3258413516,2,2,4,3,2,5
3258431848,4,6,10,2,1,3
3258434310,5,5,10,4,4,8
3258441338,8,12,20,4,3,7
3258466278,1,6,7,6,3,9
3258505687,1,1,2,1,1,2
3258524083,3,3,6,2,2,4
3258532069,4,4,8,2,3,5
3258554689,3,3,6,3,3,6
3258554716,4,4,8,3,4,7
3258554736,4,4,8,3,4,7
3258572956,1,1,2,1,0,1
3258576734,1,2,3,1,0,1
3258577156,16,16,32,8,16,24
3258582897,1,1,2,3,0,3
3258586475,1,3,4,1,0,1
3258586568,2,0,2,3,0,3
3258595491,1,1,2,3,1,4
3258624198,1,1,2,1,1,2
3258627012,1,3,4,2,0,2
3258629219,1,1,2,1,1,2
3258630387,1,0,1,3,0,3
3258638907,5,9,14,4,3,7
3258673698,5,4,9,3,4,7
3258674603,7,6,13,2,6,8
3258681485,6,6,12,6,6,12
3258696909,8,16,24,1,1,2
3258702664,1,2,3,1,0,1
3258737729,1,0,1,1,0,1
3258783125,1,6,7,2,0,2
3258835531,14,15,29,2,13,15
3258845682,9,9,18,2,9,11
3258857811,1,2,3,1,0,1
3258917602,13,21,34,6,6,12
3258928741,2,2,4,2,2,4
3258948227,1,1,2,2,1,3
3258963284,4,4,8,3,4,7
3258966057,3,3,6,4,3,7
3258966275,2,2,4,2,3,5
3258988535,1,8,9,1,0,1
3259015956,3,3,6,3,3,6
3259031965,2,2,4,2,2,4
3259059705,1,2,3,2,2,4
3259078300,3,4,7,3,2,5
3259102188,16,16,32,9,19,28
3259111897,1,1,2,2,1,3
3259129559,1,1,2,2,1,3
3259155973,5,5,10,7,5,12
3259159472,1,4,5,1,0,1
3259167371,7,8,15,6,6,12
3259170663,10,10,20,12,10,22
3259184887,1,3,4,2,0,2
3259190711,1,0,1,4,0,4
3259207788,1,0,1,1,0,1
3259220840,3,3,6,3,3,6
3259226951,2,2,4,4,1,5
3259257598,1,1,2,6,3,9
3259305354,1,6,7,1,0,1
3259309226,6,6,12,4,6,10
3259379246,1,5,6,1,0,1
3259398453,2,5,7,2,1,3
3259403570,1,1,2,3,0,3
3259405740,26,26,52,4,26,30
3259462115,1,1,2,1,0,1
3259493591,1,0,1,1,0,1
3259506267,4,4,8,4,5,9
3259506300,1,3,4,2,0,2
3259519054,14,14,28,1,14,15
3259568925,5,5,10,5,5,10
3259584100,10,19,29,6,8,14
3259589304,2,2,4,3,2,5
3259589599,4,4,8,2,4,6
3259631360,2,2,4,4,2,6
3259681433,7,10,17,1,2,3
3259708171,20,25,45,10,22,32
3259727137,17,17,34,4,17,21
3259732080,3,3,6,2,3,5
3259750880,1,5,6,1,0,1
3259774944,1,5,6,1,0,1
3259783801,1,0,1,1,0,1
3259798274,8,8,16,11,8,19
3259808714,2,5,7,3,1,4
3259868399,3,3,6,4,3,7
3259884497,9,9,18,7,9,16
3259891443,1,1,2,2,2,4
3259892644,1,0,1,1,0,1
3259892866,6,6,12,3,6,9
3259895339,3,3,6,4,3,7
3259899444,3,3,6,3,3,6
3259912779,1,7,8,1,0,1
3259924486,1,6,7,1,1,2
3259981557,1,1,2,2,1,3
3260006975,2,2,4,4,2,6
3260019842,1,10,11,2,0,2
3260104911,10,16,26,8,8,16
3260176443,2,10,12,1,0,1
3260325787,1,0,1,1,0,1
3260452571,1,0,1,1,0,1
3260516091,9,13,22,6,6,12
3260533635,1,1,2,1,0,1
3260577723,1,2,3,4,6,10
3260688211,4,4,8,3,3,6
3261130183,4,5,9,1,1,2
3261130294,11,12,23,5,5,10
3261242871,1,0,1,6,4,10
3261371919,3,3,6,2,0,2
3261564874,1,2,3,5,1,6
3261572196,5,5,10,11,8,19
3261577574,5,5,10,4,5,9
3261602908,1,1,2,1,1,2
3261610060,2,2,4,4,2,6
3261622389,1,1,2,2,1,3
3261628283,3,3,6,3,3,6
3261662712,1,1,2,1,0,1
3261725861,1,10,11,1,0,1
3261726653,1,1,2,2,0,2
3261729465,1,2,3,1,0,1
3261730240,1,0,1,1,0,1
3261757119,8,8,16,14,9,23
3261779776,1,0,1,1,0,1
3261809677,1,5,6,1,0,1
3261852303,4,4,8,2,4,6
3261857077,1,2,3,1,0,1
3261857525,1,1,2,3,1,4
3261883650,1,3,4,1,0,1
3261888677,1,0,1,1,0,1
3261896890,1,2,3,1,0,1
3261897298,1,0,1,1,0,1
3261899438,2,6,8,1,1,2
3261911188,1,4,5,1,0,1
3261915833,1,3,4,1,0,1
3261918326,6,6,12,2,6,8
3261928264,6,6,12,2,6,8
3261941141,1,0,1,1,0,1
3261944892,1,1,2,1,0,1
3261947894,9,13,22,7,8,15
3261954258,2,5,7,7,5,12
3261955319,1,0,1,1,0,1
3261973793,4,4,8,4,4,8
3261980107,2,11,13,11,11,22
3261980881,1,1,2,2,1,3
3261996537,1,0,1,1,0,1
3262000485,1,1,2,1,0,1
3262026441,7,7,14,2,7,9
3262054475,2,2,4,3,2,5
3262062200,4,4,8,3,4,7
3262064020,3,5,8,3,2,5
3262074835,1,1,2,1,1,2
3262077296,17,17,34,13,17,30
3262092562,1,1,2,2,1,3
3262120357,1,1,2,1,0,1
3262124863,3,3,6,3,3,6
3262147267,1,0,1,2,0,2
3262159682,1,1,2,1,0,1
3262168279,1,0,1,1,0,1
3262173266,3,20,23,1,0,1
3262225440,9,9,18,2,9,11
3262239259,1,1,2,3,1,4
3262242914,2,6,8,6,6,12
3262248750,25,25,50,5,27,32
3262277645,1,0,1,2,0,2
3262316522,1,1,2,1,1,2
3262317031,1,1,2,1,1,2
3262322026,1,0,1,1,0,1
3262337356,12,12,24,2,12,14
3262379386,2,6,8,1,1,2
3262400057,5,5,10,3,5,8
3262401746,1,0,1,1,0,1
3262410892,2,2,4,2,2,4
3262413935,19,19,38,11,29,40
3262429170,4,5,9,7,5,12
3262441757,4,4,8,2,4,6
3262458520,1,6,7,1,0,1
3262460103,1,0,1,2,0,2
3262462293,1,4,5,1,0,1
3262466495,1,1,2,2,1,3
3262485670,3,3,6,2,3,5
3262559351,1,4,5,1,0,1
3262578711,1,4,5,1,0,1
3262586992,11,11,22,11,10,21
3262589079,1,1,2,2,1,3
3262603138,1,2,3,2,0,2
3262604097,1,5,6,1,0,1
3262625385,1,2,3,3,2,5
3262715517,13,15,28,6,15,21
3262725049,1,1,2,4,1,5
3262739000,2,2,4,2,3,5
3262802572,1,1,2,3,1,4
3262835397,14,16,30,9,13,22
3262883539,1,4,5,1,0,1
3262915034,1,3,4,2,0,2
3262972925,11,11,22,8,11,19
3262981838,11,11,22,2,11,13
3262988122,14,25,39,14,14,28
3262988132,7,17,24,1,1,2
3262998605,3,9,12,8,10,18
3263020462,3,3,6,1,3,4
3263033037,3,3,6,5,8,13
3263037151,1,1,2,3,1,4
3263042770,2,2,4,6,3,9
3263047852,1,0,1,1,0,1
3263049786,12,12,24,7,13,20
3263098096,1,1,2,2,1,3
3263121377,2,2,4,2,2,4
3263130276,1,0,1,1,0,1
3263144746,3,3,6,6,3,9
3263147395,2,2,4,3,2,5
3263156715,7,8,15,8,8,16
3263169713,3,3,6,1,3,4
3263177804,1,0,1,1,0,1
3263183466,4,4,8,3,4,7
3263191179,1,1,2,1,0,1
3263203091,1,1,2,1,1,2
3263222250,8,18,26,12,9,21
3263228008,1,0,1,1,0,1
3263239585,1,6,7,1,1,2
3263266959,1,0,1,1,0,1
3263268480,4,4,8,2,4,6
3263286673,1,0,1,4,0,4
3263294734,1,1,2,2,1,3
3263358736,2,2,4,3,2,5
3263374352,1,1,2,1,0,1
3263443106,9,14,23,2,2,4
3263541924,6,10,16,5,5,10
3263544961,2,3,5,1,1,2
3263733256,1,3,4,1,1,2
3263943853,2,0,2,2,0,2
3264006406,1,0,1,1,0,1
3264008465,2,2,4,1,1,2
3264140320,4,3,7,3,4,7
3264317449,3,1,4,1,1,2
3264413761,1,2,3,1,1,2
3264537149,8,9,17,4,4,8
3264568623,5,4,9,3,3,6
3264570149,2,9,11,1,1,2
3264590728,1,1,2,1,1,2
3264596728,13,21,34,9,9,18
3264631889,2,4,6,1,1,2
3264687328,1,1,2,1,1,2
3264716584,2,1,3,1,0,1
3264717519,2,1,3,4,1,5
3264727429,4,28,32,4,0,4
3264751498,4,7,11,1,1,2
3264770515,1,1,2,1,0,1
3264781802,1,5,6,1,1,2
3264792937,5,5,10,5,4,9
3264795559,2,1,3,1,0,1
3264810762,1,1,2,1,0,1
3264814250,1,1,2,1,1,2
3264814361,6,6,12,3,6,9
3264828493,4,4,8,3,5,8
3264829193,1,0,1,2,0,2
3264878708,4,4,8,2,4,6
3264880945,4,4,8,4,4,8
3264889541,1,1,2,2,1,3
3264893018,1,1,2,2,1,3
3264895237,14,14,28,1,14,15
3264900935,2,0,2,1,0,1
3264903576,1,0,1,1,0,1
3264915871,1,5,6,3,1,4
3264934063,2,0,2,1,0,1
3264944818,7,7,14,1,7,8
3264978890,1,4,5,1,0,1
3264988177,1,1,2,3,1,4
3265033197,1,0,1,1,0,1
3265049992,1,5,6,4,0,4
3265085436,1,0,1,1,0,1
3265095055,2,7,9,5,5,10
3265124374,1,2,3,1,0,1
3265128967,1,0,1,1,0,1
3265129552,1,1,2,1,0,1
3265134444,2,5,7,2,2,4
3265141477,1,5,6,1,0,1
3265166008,1,1,2,1,1,2
3265168961,9,10,19,6,8,14
3265183882,1,3,4,3,2,5
3265186736,14,14,28,1,13,14
3265197577,3,3,6,5,3,8
3265226505,1,1,2,1,0,1
3265236357,1,1,2,1,1,2
3265259783,2,2,4,10,4,14
3265269526,3,2,5,3,2,5
3265279927,1,0,1,1,0,1
3265305028,1,1,2,6,1,7
3265308223,1,0,1,1,0,1
3265313574,1,6,7,3,0,3
3265323236,4,4,8,2,4,6
3265324930,1,5,6,1,0,1
3265325720,5,6,11,5,4,9
3265325887,4,0,4,3,0,3
3265334651,2,3,5,1,1,2
3265336481,8,10,18,7,7,14
3265341342,1,0,1,3,0,3
3265344408,3,4,7,2,2,4
3265353578,3,0,3,2,0,2
3265377121,1,0,1,1,0,1
3265377301,2,2,4,2,2,4
3265390008,16,39,55,14,14,28
3265390363,8,12,20,1,1,2
3265390538,6,17,23,2,2,4
3265408307,1,1,2,1,1,2
3265411876,1,0,1,2,0,2
3265430002,1,1,2,1,1,2
3265434862,1,1,2,3,1,4
3265450348,1,1,2,1,0,1
3265451314,4,7,11,2,3,5
3265474088,5,5,10,13,8,21
3265477494,2,2,4,2,2,4
3265477848,1,1,2,1,1,2
3265479175,1,2,3,1,0,1
3265487372,1,16,17,1,0,1
3265488238,1,1,2,1,0,1
3265488912,1,1,2,1,0,1
3265489161,1,1,2,2,0,2
3265504575,2,2,4,3,2,5
3265505186,2,13,15,2,0,2
3265528883,1,6,7,4,4,8
3265532826,11,16,27,3,10,13
3265533800,1,0,1,1,0,1
3265571795,3,5,8,1,1,2
3265624029,1,3,4,1,0,1
3265625846,1,1,2,1,0,1
3265640341,1,1,2,1,1,2
3265661795,1,1,2,6,1,7
3265700605,1,1,2,1,0,1
3265728197,4,6,10,4,3,7
3265741344,1,1,2,1,0,1
3265746023,1,1,2,3,1,4
3265760288,2,2,4,3,2,5
3265766003,1,3,4,1,0,1
3265767604,1,1,2,1,0,1
3265784121,1,1,2,2,1,3
3265786262,10,10,20,3,10,13
3265788236,8,9,17,3,3,6
3265798108,1,4,5,1,0,1
3265801820,3,3,6,1,5,6
3265804594,26,27,53,4,26,30
3265818580,1,2,3,1,0,1
3265834947,1,0,1,1,0,1
3265842151,1,2,3,1,1,2
3265845918,5,7,12,2,4,6
3265849501,8,8,16,5,8,13
3265853640,7,6,13,2,2,4
3266009730,8,9,17,3,3,6
3266078679,13,20,33,7,7,14
3266079270,4,4,8,2,2,4
3266175323,7,25,32,3,3,6
3266179106,15,35,50,9,9,18
3266218347,13,19,32,9,10,19
3266295253,2,1,3,1,0,1
3266310200,2,0,2,1,0,1
3266317122,1,1,2,2,1,3
3266333295,2,7,9,1,0,1
3266336088,3,0,3,1,0,1
3266337538,2,5,7,2,1,3
3266343426,1,0,1,1,0,1
3266346269,1,1,2,2,2,4
3266352178,5,6,11,3,3,6
3266367856,2,13,15,1,0,1
3266381449,9,9,18,9,9,18
3266385279,9,9,18,2,2,4
3266393886,1,5,6,1,1,2
3266399096,3,3,6,3,3,6
3266402511,2,2,4,3,3,6
3266407122,1,4,5,1,0,1
3266423588,2,2,4,2,1,3
3266423595,2,10,12,1,1,2
3266461095,18,23,41,12,12,24
3266462843,1,1,2,3,0,3
3266464869,7,7,14,5,7,12
3266492859,1,0,1,1,0,1
3266494157,2,6,8,4,4,8
3266497791,3,3,6,3,3,6
3266504100,2,2,4,2,1,3
3266522456,1,0,1,1,0,1
3266538454,5,7,12,3,1,4
3266538549,5,5,10,4,5,9
3266544685,1,7,8,1,0,1
3266591967,6,6,12,5,6,11
3266633934,2,5,7,2,1,3
3266657488,3,1,4,3,5,8
3266663336,1,0,1,1,0,1
3266737133,21,21,42,5,21,26
3266756183,12,12,24,2,12,14
3266760563,1,1,2,4,1,5
3266798058,2,0,2,1,0,1
3266810520,4,9,13,5,4,9
3266826322,2,0,2,4,0,4
3266833404,1,1,2,1,0,1
3266853494,1,1,2,1,1,2
3266859297,1,1,2,2,2,4
3266882041,1,4,5,4,4,8
3266885685,3,3,6,2,2,4
3266891911,1,1,2,2,1,3
3266898434,2,5,7,4,0,4
3266906478,2,11,13,2,3,5
3266927641,1,0,1,1,0,1
3266931715,1,0,1,1,0,1
3266932250,1,1,2,1,0,1
3266935465,1,2,3,1,0,1
3266935716,6,6,12,4,6,10
3266942795,4,4,8,2,4,6
3266957905,1,1,2,1,0,1
3266977888,5,5,10,5,5,10
3266986769,1,5,6,1,0,1
3266988644,1,2,3,1,0,1
3266992060,1,9,10,5,7,12
3266992742,1,4,5,1,0,1
3266995742,3,5,8,5,3,8
3266999767,1,2,3,1,0,1
3267008313,26,31,57,4,27,31
3267012352,1,0,1,1,0,1
3267037557,7,25,32,3,2,5
3267037719,1,2,3,1,0,1
3267047921,2,14,16,1,1,2
3267066352,2,2,4,1,2,3
3267066869,3,3,6,3,3,6
3267081822,8,8,16,2,8,10
3267087919,7,11,18,2,6,8
3267093196,1,1,2,1,0,1
3267097975,7,6,13,1,1,2
3267097989,2,3,5,2,1,3
3267098118,3,3,6,3,3,6
3267098177,6,5,11,1,1,2
3267104771,2,4,6,1,1,2
3267105933,4,0,4,2,0,2
3267106905,1,0,1,3,0,3
3267130649,1,0,1,2,0,2
3267132257,1,4,5,1,0,1
3267134443,1,4,5,1,0,1
3267135504,5,5,10,8,5,13
3267135613,3,5,8,2,1,3
3267144246,12,30,42,18,18,36
3267145995,3,4,7,4,4,8
3267147757,3,2,5,1,1,2
3267150311,5,5,10,2,5,7
3267150490,9,15,24,5,5,10
3267158044,2,2,4,2,2,4
3267161942,7,9,16,7,6,13
3267178510,5,6,11,4,4,8
3267184724,1,4,5,3,0,3
3267190560,2,2,4,2,2,4
3267290911,6,12,18,2,2,4
3267368804,3,2,5,1,1,2
3267384193,12,18,30,7,7,14
3267395711,8,3,11,2,2,4
3267439260,1,1,2,3,1,4
3267487130,6,5,11,2,1,3
3267491211,2,5,7,1,0,1
3267518413,7,8,15,3,3,6
3267526208,3,2,5,1,1,2
3267529684,14,19,33,11,11,22
3267540821,1,2,3,1,1,2
3267542859,1,1,2,2,0,2
3267543045,5,12,17,2,4,6
3267544341,11,11,22,6,11,17
3267552617,11,0,11,10,0,10
3267552719,4,4,8,2,2,4
3267553635,8,11,19,4,4,8
3267570241,15,15,30,8,15,23
3267571711,1,1,2,1,0,1
3267573508,6,5,11,4,5,9
3267575057,1,2,3,1,0,1
3267583760,2,2,4,4,3,7
3267584357,1,1,2,1,0,1
3267584655,1,3,4,1,1,2
3267602666,2,9,11,3,3,6
3267607501,27,107,134,3,3,6
3267624315,5,5,10,1,5,6
3267643074,1,0,1,1,0,1
3267648533,1,3,4,1,0,1
3267652214,4,4,8,3,3,6
3267658096,1,6,7,1,0,1
3267659847,1,1,2,2,1,3
3267712543,1,1,2,1,0,1
3267727216,5,5,10,6,5,11
3267732170,2,2,4,1,0,1
3267769906,2,4,6,2,1,3
3267813789,1,1,2,2,0,2
3267827177,1,5,6,1,0,1
3267839579,1,0,1,2,0,2
3267860391,1,2,3,1,0,1
3267890810,1,0,1,1,0,1
3267898484,1,2,3,1,0,1
3267923695,1,1,2,1,1,2
3267929630,2,3,5,2,1,3
3267951193,22,22,44,5,22,27
3267970992,2,2,4,9,6,15
3268000712,1,0,1,1,0,1
3268017158,1,0,1,1,0,1
3268032700,1,1,2,3,2,5
3268084463,1,1,2,1,1,2
3268090386,6,5,11,2,2,4
3268092938,4,5,9,1,1,2
3268113550,1,1,2,1,1,2
3268117305,1,2,3,4,3,7
3268145956,3,3,6,3,3,6
3268164028,3,3,6,1,3,4
3268184875,8,8,16,4,9,13
3268198341,1,1,2,1,1,2
3268202241,2,0,2,1,0,1
3268217655,1,0,1,1,0,1
3268217662,1,0,1,1,0,1
3268227761,1,0,1,1,0,1
3268259853,1,0,1,1,0,1
3268294728,1,1,2,2,1,3
3268318448,1,9,10,7,0,7
3268318877,1,5,6,3,2,5
3268333654,1,0,1,1,0,1
3268336930,1,0,1,2,0,2
3268355020,6,21,27,4,4,8
3268366654,4,13,17,7,7,14
3268381879,6,6,12,8,7,15
3268406902,3,2,5,1,1,2
3268406940,2,5,7,6,2,8
3268413001,1,1,2,1,1,2
3268424163,5,3,8,1,1,2
3268487868,1,4,5,2,0,2
3268492581,1,2,3,3,0,3
3268539747,2,15,17,2,0,2
3268581005,4,6,10,2,3,5
3268681853,3,3,6,3,3,6
3268702633,2,2,4,2,2,4
3268738447,1,1,2,1,1,2
3268741124,6,6,12,13,8,21
3268749665,2,2,4,2,2,4
3268754080,3,3,6,3,4,7
3268773714,4,4,8,5,5,10
3268853228,9,10,19,9,8,17
3268910920,6,7,13,6,5,11
3268932396,22,22,44,8,28,36
3269026062,1,0,1,1,0,1
3269028692,15,15,30,4,15,19
3269039235,1,1,2,1,1,2
3269050808,1,0,1,1,0,1
3269069524,2,2,4,2,2,4
3269080184,1,1,2,1,1,2
3269163174,5,5,10,1,5,6
3269285596,3,3,6,2,2,4
3269296181,1,1,2,4,1,5
3269303969,4,4,8,5,4,9
3269335694,1,0,1,1,0,1
3269348665,21,24,45,6,20,26
3269366490,1,3,4,4,3,7
3269381284,1,3,4,2,0,2
3269427129,2,4,6,1,0,1
3269435022,1,4,5,1,0,1
3269495898,9,9,18,3,9,12
3269551614,2,2,4,5,2,7
3269560959,5,5,10,1,5,6
3269571751,1,1,2,6,5,11
3269600202,4,4,8,1,4,5
3269663648,1,1,2,2,1,3
3269697593,8,8,16,4,8,12
3269704375,1,17,18,2,0,2
3269713488,1,1,2,1,1,2
3269725001,1,2,3,1,0,1
3269754253,1,1,2,1,1,2
3269850024,5,5,10,2,5,7
3269892876,2,3,5,1,0,1
3269921592,1,1,2,1,0,1
3269937651,1,1,2,2,0,2
3269980158,1,0,1,2,0,2
3270038594,6,6,12,2,6,8
3270116215,1,3,4,8,8,16
3270213314,1,1,2,1,1,2
3270515984,2,8,10,3,3,6
3270625231,9,14,23,6,6,12
3270686838,14,21,35,8,8,16
3270687103,12,18,30,5,10,15
3270891079,1,2,3,1,0,1
3270923404,3,4,7,10,12,22
3270986257,5,7,12,3,3,6
3271268408,6,7,13,5,6,11
3271282745,1,1,2,3,3,6
3271287757,1,0,1,1,0,1
3271342810,7,7,14,4,4,8
3271514534,6,4,10,1,1,2
3271542009,3,2,5,1,1,2
3271560465,1,0,1,1,0,1
3271571849,1,1,2,4,11,15
3271578857,4,4,8,6,4,10
3271602250,1,0,1,3,0,3
3271620469,8,8,16,8,8,16
3271634973,1,2,3,2,2,4
3271650463,1,5,6,2,0,2
3271658970,11,26,37,3,3,6
3271677684,4,4,8,8,4,12
3271682757,18,37,55,12,17,29
3271697157,1,6,7,2,0,2
3271697242,2,2,4,2,2,4
3271699227,1,0,1,1,0,1
3271702087,4,4,8,1,4,5
3271705432,5,5,10,4,5,9
3271710843,6,6,12,2,6,8
3271833956,3,5,8,1,1,2
3271866532,1,1,2,4,3,7
3271897979,1,1,2,1,1,2
3271937981,1,2,3,1,0,1
3271953353,1,0,1,1,0,1
3271981746,1,1,2,2,0,2
3271987347,1,0,1,2,0,2
3272012004,1,3,4,2,0,2
3272051898,2,2,4,3,2,5
3272053785,8,8,16,11,11,22
3272059201,1,2,3,5,3,8
3272081628,3,0,3,2,0,2
3272147769,1,2,3,1,0,1
3272153121,2,2,4,3,1,4
3272164914,1,5,6,1,0,1
3272171220,1,1,2,1,1,2
3272178038,1,1,2,2,1,3
3272184602,3,3,6,2,3,5
3272188634,5,5,10,2,5,7
3272203911,9,9,18,3,9,12
3272236001,2,5,7,2,1,3
3272241353,1,3,4,2,1,3
3272248373,1,5,6,1,0,1
3272249112,4,9,13,1,1,2
3272323130,3,3,6,3,3,6
3272325922,3,3,6,5,3,8
3272327946,1,7,8,1,0,1
3272347318,2,2,4,6,3,9
3272359508,4,5,9,2,3,5
3272362631,3,3,6,1,4,5
3272400796,2,4,6,2,1,3
3272416262,3,3,6,7,5,12
3272436816,2,5,7,3,0,3
3272454205,4,4,8,5,8,13
3272457199,1,2,3,1,0,1
3272464371,1,1,2,1,0,1
3272467918,1,1,2,5,1,6
3272555104,8,8,16,11,8,19
3272555437,3,3,6,1,3,4
3272556937,1,1,2,1,1,2
3272569623,1,0,1,2,0,2
3272599681,1,8,9,1,0,1
3272650856,1,1,2,3,3,6
3272653934,1,3,4,2,1,3
3272655526,20,25,45,4,20,24
3272683283,1,5,6,1,0,1
3272696248,1,0,1,1,0,1
3272706022,1,4,5,4,1,5
3272728961,5,2,7,1,0,1
3272749902,4,4,8,5,5,10
3272773573,1,1,2,1,1,2
3272774197,1,3,4,1,0,1
3272777349,1,6,7,1,0,1
3272803827,1,0,1,1,0,1
3272830283,8,8,16,3,8,11
3272906318,2,2,4,3,2,5
3272907964,2,2,4,5,5,10
3272945997,2,2,4,8,9,17
3272963253,4,4,8,3,3,6
3273031782,1,2,3,1,0,1
3273050893,1,5,6,8,6,14
3273093553,1,0,1,2,0,2
3273096752,2,3,5,2,1,3
3273146314,2,2,4,1,2,3
3273151598,1,1,2,2,1,3
3273174706,3,3,6,2,3,5
3273176529,1,2,3,2,0,2
3273194457,11,11,22,11,11,22
3273196632,1,6,7,2,1,3
3273214995,1,3,4,6,5,11
3273229726,1,5,6,1,0,1
3273231779,2,8,10,4,7,11
3273240676,4,4,8,3,4,7
3273257690,1,1,2,1,0,1
3273320261,9,9,18,4,9,13
3273337574,1,1,2,1,0,1
3273353684,4,5,9,6,3,9
3273366877,8,14,22,3,3,6
3273388492,1,4,5,1,0,1
3273391931,1,4,5,1,0,1
3273452734,2,11,13,3,0,3
3273461054,5,5,10,3,5,8
3273480067,1,4,5,1,1,2
3273505874,1,0,1,1,0,1
3273524176,1,1,2,1,0,1
3273530349,1,0,1,6,0,6
3273541625,12,80,92,13,0,13
3273562641,2,2,4,2,2,4
3273582454,1,0,1,3,0,3
3273590525,1,0,1,1,0,1
3273609108,1,2,3,1,0,1
3273610080,6,6,12,5,7,12
3273613174,2,2,4,3,2,5
3273651944,6,6,12,6,7,13
3273997631,5,5,10,2,2,4
3274141170,1,1,2,1,1,2
3274150844,4,3,7,1,1,2
3274167831,2,2,4,2,3,5
3274283688,5,4,9,1,1,2
3274287085,7,14,21,5,5,10
3274334171,2,4,6,1,0,1
3274335142,2,2,4,1,1,2
3274338454,8,10,18,2,2,4
3274353549,1,1,2,1,0,1
3274372737,9,9,18,4,4,8
3274418045,6,6,12,1,1,2
3274418439,4,3,7,2,2,4
3274438764,5,6,11,3,3,6
3274438980,4,4,8,2,2,4
3274703186,1,0,1,1,0,1
3274901062,3,0,3,1,0,1
3275147252,1,1,2,1,0,1
3275220888,1,0,1,1,0,1
3275286625,1,1,2,1,0,1
3275287710,1,3,4,1,0,1
3275290858,2,2,4,1,0,1
3275314197,3,3,6,3,3,6
3275318710,1,0,1,2,0,2
3275326973,2,2,4,2,2,4
3275336444,6,7,13,1,1,2
3275355416,1,2,3,1,0,1
3275370252,15,29,44,8,8,16
3275370294,10,16,26,6,6,12
3275371728,4,4,8,4,4,8
3275390111,1,2,3,1,0,1
3275403760,11,21,32,6,6,12
3275404117,4,3,7,1,1,2
3275405613,11,10,21,3,10,13
3275405824,15,20,35,6,6,12
3275415903,2,2,4,2,2,4
3275437185,1,1,2,2,1,3
3275441886,2,6,8,3,1,4
3275443065,4,11,15,6,2,8
3275451449,1,1,2,4,2,6
3275485392,2,2,4,2,1,3
3275486565,22,22,44,4,21,25
3275499932,1,2,3,1,0,1
3275502630,5,5,10,2,30,32
3275503639,1,9,10,1,0,1
3275513824,1,1,2,2,1,3
3275513847,2,1,3,4,2,6
3275530138,1,1,2,1,0,1
3275559736,4,5,9,3,3,6
3275585352,1,0,1,2,0,2
3275595161,1,1,2,2,0,2
3275607489,1,0,1,1,0,1
3275607967,1,0,1,1,0,1
3275636693,2,2,4,1,0,1
3275654029,1,3,4,1,0,1
3275656865,7,11,18,5,6,11
3275687371,1,1,2,1,0,1
3275697056,1,0,1,1,0,1
3275701512,1,4,5,1,0,1
3275709654,1,1,2,1,1,2
3275728292,1,3,4,2,0,2
3275732837,3,3,6,3,3,6
3275739591,1,1,2,2,1,3
3275796787,1,0,1,1,0,1
3275803534,1,4,5,1,0,1
3275804282,1,1,2,2,1,3
3275814541,1,1,2,1,1,2
3275838023,4,4,8,5,4,9
3275861829,4,8,12,3,3,6
3275882982,1,2,3,2,4,6
3275892852,1,4,5,1,0,1
3275893030,3,3,6,2,3,5
3275900060,1,1,2,1,0,1
3275902291,2,2,4,7,7,14
3275931104,3,4,7,2,2,4
3275961275,1,2,3,1,0,1
3275991706,1,1,2,1,1,2
3276005231,2,2,4,2,1,3
3276005639,1,0,1,2,0,2
3276030152,1,2,3,3,0,3
3276030337,1,0,1,1,0,1
3276068708,1,2,3,2,0,2
3276091428,2,2,4,3,3,6
3276106793,9,12,21,6,10,16
3276136907,1,1,2,4,0,4
3276146753,1,0,1,1,0,1
3276184372,1,2,3,3,0,3
3276185121,13,27,40,3,2,5
3276187478,1,3,4,2,0,2
3276199335,2,0,2,1,0,1
3276207830,1,4,5,1,0,1
3276215809,2,2,4,5,2,7
3276219345,5,5,10,5,6,11
3276285215,1,0,1,3,0,3
3276357033,1,1,2,2,1,3
3276365034,1,2,3,1,0,1
3276367328,9,9,18,12,11,23
3276368773,8,8,16,3,8,11
3276369613,1,4,5,1,0,1
3276384641,3,5,8,4,2,6
3276419588,1,1,2,2,1,3
3276421841,1,4,5,4,2,6
3276424425,1,0,1,1,0,1
3276425413,1,1,2,2,1,3
3276426415,1,1,2,1,0,1
3276427093,1,0,1,1,0,1
3276427627,1,2,3,1,0,1
3276431683,2,8,10,2,0,2
3276440430,1,3,4,1,0,1
3276446456,1,1,2,5,1,6
3276476018,2,9,11,2,1,3
3276477332,1,3,4,1,0,1
3276496183,1,1,2,3,1,4
3276502995,3,3,6,6,3,9
3276508555,1,1,2,3,1,4
3276534900,1,5,6,2,0,2
3276546083,2,3,5,5,2,7
3276556654,5,5,10,2,5,7
3276562194,1,4,5,2,1,3
3276565506,1,1,2,2,0,2
3276569103,1,4,5,7,6,13
3276590642,17,24,41,5,16,21
3276608170,1,3,4,3,2,5
3276638154,3,3,6,3,3,6
3276697257,1,5,6,8,1,9
3276748899,1,1,2,2,1,3
3276749814,1,8,9,2,0,2
3276762075,1,0,1,3,0,3
3276787791,1,0,1,2,0,2
3276827809,1,4,5,1,0,1
3276836734,6,5,11,6,5,11
3276865530,1,1,2,2,1,3
3276866601,1,3,4,1,0,1
3276870228,1,1,2,1,1,2
3276876727,3,10,13,11,10,21
3276895608,1,0,1,3,0,3
3276903109,2,5,7,1,1,2
3276910255,1,2,3,2,1,3
3276916107,4,4,8,5,4,9
3276951581,6,6,12,5,5,10
3276954125,1,1,2,1,1,2
3276963490,1,2,3,1,0,1
3276977647,2,4,6,1,1,2
3276979437,2,0,2,2,0,2
3276981682,10,11,21,20,17,37
3276994712,1,1,2,1,0,1
3277032792,2,2,4,2,2,4
3277054095,1,1,2,1,3,4
3277193316,4,4,8,2,2,4
3277299008,12,20,32,6,6,12
3277479177,1,3,4,1,0,1
3277756353,1,3,4,1,1,2
